path,sha256,bytes,source_commit,author,license,modification,release_inclusion
krita/data/CMakeLists.txt,c2a392f5d41283355165896cf11453e2daeac4bcb8f96ed32be94571e229128f,825,e7e52a72ed37ecaf9ffaa2fab836b7c2f5539d1f,NOASSERTION,NOASSERTION,unchanged upstream baseline,not release-cleared
krita/data/README,b8b700267cd13a0dc8ce164f10d5992ce43057d518b3b33a89bbe7f5e90f02da,1069,e7e52a72ed37ecaf9ffaa2fab836b7c2f5539d1f,NOASSERTION,NOASSERTION,unchanged upstream baseline,not release-cleared
krita/data/aboutdata/LICENSE,8ceb4b9ee5adedde47b31e975c1d90c73ad27b6b165a1dcd80c7c545eb65b903,35147,e7e52a72ed37ecaf9ffaa2fab836b7c2f5539d1f,NOASSERTION,NOASSERTION,unchanged upstream baseline,not release-cleared
krita/data/aboutdata/aboutdata.qrc,f62fbb40cbcefe8d28b82c1f47af7b51ba9a8f38cca30866096c2b4fd5f661e2,283,e7e52a72ed37ecaf9ffaa2fab836b7c2f5539d1f,NOASSERTION,NOASSERTION,unchanged upstream baseline,not release-cleared
krita/data/aboutdata/credits.txt,6d85d0800aa14dad66f6b0d5b31a530a5220111abffd19447757d6c53d007de1,729,e7e52a72ed37ecaf9ffaa2fab836b7c2f5539d1f,NOASSERTION,NOASSERTION,unchanged upstream baseline,not release-cleared
krita/data/aboutdata/developers.txt,781cf1ad744fef5208d6ab15fca2b3d6dc449c249857f31034db0c08e1d6c660,3229,e7e52a72ed37ecaf9ffaa2fab836b7c2f5539d1f,NOASSERTION,NOASSERTION,unchanged upstream baseline,not release-cleared
krita/data/aboutdata/libraries.txt,8729ac5c0da8fa3bfaaa79f15cfe25dc21218b9d7d5d21583a18de85c1222eef,1651,e7e52a72ed37ecaf9ffaa2fab836b7c2f5539d1f,NOASSERTION,NOASSERTION,unchanged upstream baseline,not release-cleared
krita/data/actions/CMakeLists.txt,f405ac78f94db8e877fa30d83cd8ed623304a94a14b61eaf16333c82743250e9,137,e7e52a72ed37ecaf9ffaa2fab836b7c2f5539d1f,NOASSERTION,NOASSERTION,unchanged upstream baseline,not release-cleared
krita/data/actions/InteractionTool.action,353622d87e741782c418d1801ccb26e686534fb1c4d88da74546a610bd8c1e6d,14544,e7e52a72ed37ecaf9ffaa2fab836b7c2f5539d1f,NOASSERTION,NOASSERTION,unchanged upstream baseline,not release-cleared
krita/data/actions/MoveTool.action,6e0d2af0fc40d38e7cc4e0f6cbcf912735764535ed477b9019fe29f3783a6ff5,3062,e7e52a72ed37ecaf9ffaa2fab836b7c2f5539d1f,NOASSERTION,NOASSERTION,unchanged upstream baseline,not release-cleared
krita/data/actions/PathTool.action,5eb7ed8a0c0e9888343c76ea153d80b15a56046ad4f41824ae1ce0ebdb0608ca,5153,e7e52a72ed37ecaf9ffaa2fab836b7c2f5539d1f,NOASSERTION,NOASSERTION,unchanged upstream baseline,not release-cleared
krita/data/brushes/CMakeLists.txt,9befffaa3b466742403802819505e3d6477efd5a16166c4deb6315977dfd2f3a,80,e7e52a72ed37ecaf9ffaa2fab836b7c2f5539d1f,NOASSERTION,NOASSERTION,unchanged upstream baseline,not release-cleared
krita/data/brushes/triangle.svg,2d7de4a2ad30b6b5f0f0b0a67ee7f73d8f646b4c7d68f3603fed0e4cee43fce6,3140,e7e52a72ed37ecaf9ffaa2fab836b7c2f5539d1f,NOASSERTION,NOASSERTION,unchanged upstream baseline,not release-cleared
krita/data/bundles/CMakeLists.txt,f726c3c22f3c522cbf89dfe0008b2d9de4aa4b73c53932952d9ec3a3d356eac1,378,e7e52a72ed37ecaf9ffaa2fab836b7c2f5539d1f,NOASSERTION,NOASSERTION,unchanged upstream baseline,not release-cleared
krita/data/bundles/Krita_3_Default_Resources.bundle,60f472f2c05c17f1dc56961a0d524aebb3aa06578c70dc8f2d95c84f7939dd0b,16137844,e7e52a72ed37ecaf9ffaa2fab836b7c2f5539d1f,NOASSERTION,NOASSERTION,unchanged upstream baseline,not release-cleared
krita/data/bundles/Krita_4_Default_Resources.bundle,4180f474052305e9de6eaac1d832c1ddeb0654142bcde2eb2460629cf23796d0,17454102,e7e52a72ed37ecaf9ffaa2fab836b7c2f5539d1f,NOASSERTION,NOASSERTION,unchanged upstream baseline,not release-cleared
krita/data/bundles/Krita_Artists_SeExpr_examples.bundle,5e0a5a97fb31ab1b8840e3df03c64bb410d61166e5824d8b46d168bdc109a15c,2211603,e7e52a72ed37ecaf9ffaa2fab836b7c2f5539d1f,NOASSERTION,NOASSERTION,unchanged upstream baseline,not release-cleared
krita/data/bundles/README,c4f66c6d8dabe74e56725e13ab48c897706236be52944f647641e6d17024c543,103,e7e52a72ed37ecaf9ffaa2fab836b7c2f5539d1f,NOASSERTION,NOASSERTION,unchanged upstream baseline,not release-cleared
krita/data/bundles/RGBA_brushes.bundle,b3eb46d7b71de1ec3aeecc0c2b522b9666c75d83f063722615cf6182eeddd0f0,1826102,e7e52a72ed37ecaf9ffaa2fab836b7c2f5539d1f,NOASSERTION,NOASSERTION,unchanged upstream baseline,not release-cleared
krita/data/cursors/README,1f7a89263bae358d8c2bdcf03ce4148d0ec3f091812f3a50ce49b101e2591398,55,e7e52a72ed37ecaf9ffaa2fab836b7c2f5539d1f,NOASSERTION,NOASSERTION,unchanged upstream baseline,not release-cleared
krita/data/cursors/color-sampler_image_background.xpm,da0992273ff55d9c3168178246b18ec9576201b040815ae6c73121064dcad8fd,1268,e7e52a72ed37ecaf9ffaa2fab836b7c2f5539d1f,NOASSERTION,NOASSERTION,unchanged upstream baseline,not release-cleared
krita/data/cursors/color-sampler_image_foreground.xpm,5e1ebf7660453a8f894fc8bd64bb8318f8313e77ad3c7317c13a500903c8ab77,1268,e7e52a72ed37ecaf9ffaa2fab836b7c2f5539d1f,NOASSERTION,NOASSERTION,unchanged upstream baseline,not release-cleared
krita/data/cursors/color-sampler_layer_background.xpm,ca6367c7ebad36db60cd2844c2499d8f31373917e33a373de72e8ee5a9ff37a4,1268,e7e52a72ed37ecaf9ffaa2fab836b7c2f5539d1f,NOASSERTION,NOASSERTION,unchanged upstream baseline,not release-cleared
krita/data/cursors/color-sampler_layer_foreground.xpm,f4cdba882fc435bfda92bd8d7da943e2dd9ed31bcae0c512c60b5ec89eeb2de0,1268,e7e52a72ed37ecaf9ffaa2fab836b7c2f5539d1f,NOASSERTION,NOASSERTION,unchanged upstream baseline,not release-cleared
krita/data/cursors/cursor-cross.xpm,aab64bb49367bcde04e13ec98d20e536de1473a8ca698fc667a7fe180257932c,1174,e7e52a72ed37ecaf9ffaa2fab836b7c2f5539d1f,NOASSERTION,NOASSERTION,unchanged upstream baseline,not release-cleared
krita/data/cursors/cursor-eraser.xpm,0a5de05b6410028538ca0d5974098888e71e08b1574076fe29bdc0ae43b99f30,1241,e7e52a72ed37ecaf9ffaa2fab836b7c2f5539d1f,NOASSERTION,NOASSERTION,unchanged upstream baseline,not release-cleared
krita/data/cursors/cursor-pixel-black.xpm,bdc9e32c127d4692689e6f31ea5ac2fe2c78429d394e373a6407a726e0f6f3d3,1171,e7e52a72ed37ecaf9ffaa2fab836b7c2f5539d1f,NOASSERTION,NOASSERTION,unchanged upstream baseline,not release-cleared
krita/data/cursors/cursor-pixel-white.xpm,a0afe346ae2c57070474414a234d4eb74986d227644c6b09da6b330611eba82f,1171,e7e52a72ed37ecaf9ffaa2fab836b7c2f5539d1f,NOASSERTION,NOASSERTION,unchanged upstream baseline,not release-cleared
krita/data/cursors/cursor-round.xpm,1973571eb5d9e2d9cbb3b44b1cc774306f91dc1d4eeab215653c4a2740296f17,1174,e7e52a72ed37ecaf9ffaa2fab836b7c2f5539d1f,NOASSERTION,NOASSERTION,unchanged upstream baseline,not release-cleared
krita/data/cursors/cursor-triangle_lefthanded.xpm,7aeb71bf6cafbf8de031ed1fe3ee5fa5daad134225caa0898c163c5273dc95df,1193,e7e52a72ed37ecaf9ffaa2fab836b7c2f5539d1f,NOASSERTION,NOASSERTION,unchanged upstream baseline,not release-cleared
krita/data/cursors/cursor-triangle_righthanded.xpm,065c54f03f75a3e7d24c03c8ef3ca34ec6e9ddaabacfee8b369d765052a9a12d,1193,e7e52a72ed37ecaf9ffaa2fab836b7c2f5539d1f,NOASSERTION,NOASSERTION,unchanged upstream baseline,not release-cleared
krita/data/cursors/cursors.qrc,53a5549f67bcdf504558e82f72c00e038c0d9032b5003cd3415a702302831ce8,1259,e7e52a72ed37ecaf9ffaa2fab836b7c2f5539d1f,NOASSERTION,NOASSERTION,unchanged upstream baseline,not release-cleared
krita/data/cursors/exposure-cursor-gesture.xpm,c3daa83f4ef5786e743ea1de7f10445a9cc5215b7031f1fe726f7584ec741ed1,1266,e7e52a72ed37ecaf9ffaa2fab836b7c2f5539d1f,NOASSERTION,NOASSERTION,unchanged upstream baseline,not release-cleared
krita/data/cursors/gamma-cursor-gesture.xpm,0a7bb717dc272ba3e5dee26863311f1bbb876012b1d279705e31e0a692ca7823,1263,e7e52a72ed37ecaf9ffaa2fab836b7c2f5539d1f,NOASSERTION,NOASSERTION,unchanged upstream baseline,not release-cleared
krita/data/cursors/move-selection.xpm,db4e9c33ab06ada28f3edc91cefff7f3592c499209dadaf471eddc3f4ac85d54,1257,e7e52a72ed37ecaf9ffaa2fab836b7c2f5539d1f,NOASSERTION,NOASSERTION,unchanged upstream baseline,not release-cleared
krita/data/cursors/move-tool.xpm,53a254616721dae37dd57306ae04ce0dbbaa8f96e8314fa5eece1347a2d8aa05,772,e7e52a72ed37ecaf9ffaa2fab836b7c2f5539d1f,NOASSERTION,NOASSERTION,unchanged upstream baseline,not release-cleared
krita/data/cursors/precise-pick-layer-icon.xpm,d5507355b3aa8eda788e4fa1ea3e953a2ead7ebffd5d74aee741bcf53dcf7d3c,1261,e7e52a72ed37ecaf9ffaa2fab836b7c2f5539d1f,NOASSERTION,NOASSERTION,unchanged upstream baseline,not release-cleared
krita/data/cursors/rotate_cursor.xpm,0020d69367187e9844af6b5de4a2989d8a7e5735f6635729d38602acef4acb13,681,e7e52a72ed37ecaf9ffaa2fab836b7c2f5539d1f,NOASSERTION,NOASSERTION,unchanged upstream baseline,not release-cleared
krita/data/cursors/rotate_discrete.xpm,6fc0b4f160872247b57b5d23387e19dc90ea2a37967a635d9493d4af122f7be4,1253,e7e52a72ed37ecaf9ffaa2fab836b7c2f5539d1f,NOASSERTION,NOASSERTION,unchanged upstream baseline,not release-cleared
krita/data/cursors/rotate_smooth.xpm,7cdcc16acf0cf8a714cea7b2ec6106138e170d043cac79fdda8a3e8ce110d13a,1251,e7e52a72ed37ecaf9ffaa2fab836b7c2f5539d1f,NOASSERTION,NOASSERTION,unchanged upstream baseline,not release-cleared
krita/data/cursors/shear_x.xpm,d4183491f09f3c094260172a282e6ba218a1272146afcab52869cecc45eaf01d,1245,e7e52a72ed37ecaf9ffaa2fab836b7c2f5539d1f,NOASSERTION,NOASSERTION,unchanged upstream baseline,not release-cleared
krita/data/cursors/shear_y.xpm,517bcebe67397457ecced8507f83aae46bb68c9f29fd53e6ad2a090b45a9c070,1245,e7e52a72ed37ecaf9ffaa2fab836b7c2f5539d1f,NOASSERTION,NOASSERTION,unchanged upstream baseline,not release-cleared
krita/data/cursors/tool_color_sampler_cursor.xpm,b554b94e8b49d323a5e678cad048bd2c58a7e205bb8bf7d5e9ce7fb669659881,1268,e7e52a72ed37ecaf9ffaa2fab836b7c2f5539d1f,NOASSERTION,NOASSERTION,unchanged upstream baseline,not release-cleared
krita/data/cursors/tool_freehand_cursor.xpm,c9d1db5c4f69be1ee75935831b851469ae08aa59bfec4b92273374734439e75f,1263,e7e52a72ed37ecaf9ffaa2fab836b7c2f5539d1f,NOASSERTION,NOASSERTION,unchanged upstream baseline,not release-cleared
krita/data/cursors/zoom_discrete.xpm,ff57ba30818b7d36186d5292c006754b1b41e0085c44552dba7df66beef7c8ea,1251,e7e52a72ed37ecaf9ffaa2fab836b7c2f5539d1f,NOASSERTION,NOASSERTION,unchanged upstream baseline,not release-cleared
krita/data/cursors/zoom_smooth.xpm,4eaece5244a51a1e9de8f9f27ad269545ba5d961bf72afcdf467ffa71d9ce545,1249,e7e52a72ed37ecaf9ffaa2fab836b7c2f5539d1f,NOASSERTION,NOASSERTION,unchanged upstream baseline,not release-cleared
krita/data/donation/CMakeLists.txt,8e6d9e223f5d8f34003a12abe67cddc2a7f7dc8edcc99c6004e0e11978ad6390,165,e7e52a72ed37ecaf9ffaa2fab836b7c2f5539d1f,NOASSERTION,NOASSERTION,unchanged upstream baseline,not release-cleared
krita/data/donation/banner.png,81be8c27cb2f3d670c2a048f30939a4888e60b9313e902db68d7934f88ce378d,117589,e7e52a72ed37ecaf9ffaa2fab836b7c2f5539d1f,NOASSERTION,NOASSERTION,unchanged upstream baseline,not release-cleared
krita/data/donation/welcomebanner1.jpg,d68e36ec09f20696f7b8ae2b5f7a0ba50e1facc9a6aeb8d32cef77315a02be8e,540603,e7e52a72ed37ecaf9ffaa2fab836b7c2f5539d1f,NOASSERTION,NOASSERTION,unchanged upstream baseline,not release-cleared
krita/data/donation/welcomebanner2.jpg,09e006a29bd7e5b1547525e677af368a87b52cd2157192e75fb755927dcbc9a8,426823,e7e52a72ed37ecaf9ffaa2fab836b7c2f5539d1f,NOASSERTION,NOASSERTION,unchanged upstream baseline,not release-cleared
krita/data/donation/welcomebanner3.jpg,daee461a0911300f8f1d45f29a70c66b7afe70b47b47f338b415f771b89d645f,494456,e7e52a72ed37ecaf9ffaa2fab836b7c2f5539d1f,NOASSERTION,NOASSERTION,unchanged upstream baseline,not release-cleared
krita/data/donation/welcomebanner4.jpg,9e36ce710c966b0ce16a84ebef4777fe3aea7c7473c09a9406634b849b64d97f,284347,e7e52a72ed37ecaf9ffaa2fab836b7c2f5539d1f,NOASSERTION,NOASSERTION,unchanged upstream baseline,not release-cleared
krita/data/gamutmasks/Atmosphere_With_Accent.kgm,df6fcbda83f4e2c293656c7e6b674b4747be559ea3ff4ecd63b6dffbfc8daf5c,27456,e7e52a72ed37ecaf9ffaa2fab836b7c2f5539d1f,NOASSERTION,NOASSERTION,unchanged upstream baseline,not release-cleared
krita/data/gamutmasks/Atmospheric_Triad.kgm,feebdce2c2aa13531adfb8887507dc08a6840255adc9c402e70446b37c2a7ae7,25648,e7e52a72ed37ecaf9ffaa2fab836b7c2f5539d1f,NOASSERTION,NOASSERTION,unchanged upstream baseline,not release-cleared
krita/data/gamutmasks/CMakeLists.txt,64839d5077c541ec9596721dc91832b8930ea203eeafc38038009a9fec7bcdbd,293,e7e52a72ed37ecaf9ffaa2fab836b7c2f5539d1f,NOASSERTION,NOASSERTION,unchanged upstream baseline,not release-cleared
krita/data/gamutmasks/Complementary.kgm,b7581f6dbceda44d3a9616dd7b376107f72d8219e1cc3942c63973ea353bc3f9,26919,e7e52a72ed37ecaf9ffaa2fab836b7c2f5539d1f,NOASSERTION,NOASSERTION,unchanged upstream baseline,not release-cleared
krita/data/gamutmasks/Dominant_Hue_With_Accent.kgm,6a217e1e22ad1ece1d132342dd9e94cf3a02df8b798259c9b6b7a1ca6c45da6c,27287,e7e52a72ed37ecaf9ffaa2fab836b7c2f5539d1f,NOASSERTION,NOASSERTION,unchanged upstream baseline,not release-cleared
krita/data/gamutmasks/GamutMaskTemplate.kra,77f576bc9c92726954a0aa5a7a378129b74f705e33f3fa1067d4cb8cc5881fee,703966,e7e52a72ed37ecaf9ffaa2fab836b7c2f5539d1f,NOASSERTION,NOASSERTION,unchanged upstream baseline,not release-cleared
krita/data/gamutmasks/Shifted_Triad.kgm,a9629b4532d529998830ed96853c30113ea52f93ab383c4f078ff52df7d5d0f2,26342,e7e52a72ed37ecaf9ffaa2fab836b7c2f5539d1f,NOASSERTION,NOASSERTION,unchanged upstream baseline,not release-cleared
krita/data/gamutmasks/Split_Complementary.kgm,f7a4b3ca5edd90a0763f3d11c55c5495be6ac72ce48f5730ae80b5ea4f1aba82,28895,e7e52a72ed37ecaf9ffaa2fab836b7c2f5539d1f,NOASSERTION,NOASSERTION,unchanged upstream baseline,not release-cleared
krita/data/gamutmasks/empty_mask_preview.png,d670572c54be35b009025e9db5e99deebcf404103caaa32b4e1e9b66d0161a08,22337,e7e52a72ed37ecaf9ffaa2fab836b7c2f5539d1f,NOASSERTION,NOASSERTION,unchanged upstream baseline,not release-cleared
krita/data/gamutmasks/gamutmasks.qrc,f58bcbc40f77253d2fa38133b440028df56177758b18fab7702f778c2bdca881,222,e7e52a72ed37ecaf9ffaa2fab836b7c2f5539d1f,NOASSERTION,NOASSERTION,unchanged upstream baseline,not release-cleared
krita/data/gradients/BG-Krita2.ggr,95ac6163ff57f069057befddf05b0ab4ac3afa6f6efd0a1665d8b7e87e3041be,184,e7e52a72ed37ecaf9ffaa2fab836b7c2f5539d1f,NOASSERTION,NOASSERTION,unchanged upstream baseline,not release-cleared
krita/data/gradients/CMakeLists.txt,4c456812faebe753f6df3139a58701de5a64506c97ec79470790e77e18261a40,476,e7e52a72ed37ecaf9ffaa2fab836b7c2f5539d1f,NOASSERTION,NOASSERTION,unchanged upstream baseline,not release-cleared
krita/data/gradients/GPS-FG-Glare.ggr,60f062d112dbea7afc3fc88c854652a64008aa5b8eb7649b917f98f027e52704,356,e7e52a72ed37ecaf9ffaa2fab836b7c2f5539d1f,NOASSERTION,NOASSERTION,unchanged upstream baseline,not release-cleared
krita/data/gradients/GPS-Fire-Blueish.ggr,43d4ab23c83d5c42d3fa5087550bacdd94965c43cf40b3ee19ff610166c595e3,467,e7e52a72ed37ecaf9ffaa2fab836b7c2f5539d1f,NOASSERTION,NOASSERTION,unchanged upstream baseline,not release-cleared
krita/data/gradients/GPS-Fire-Burning-Cloud.ggr,42c58be0b299a8065b520a4105c2db69b1397060c9975e495897c1cd05476f53,366,e7e52a72ed37ecaf9ffaa2fab836b7c2f5539d1f,NOASSERTION,NOASSERTION,unchanged upstream baseline,not release-cleared
krita/data/gradients/GPS-Fire-Dust-Blended.ggr,86d5516115418c87858752c33604f8a70fde59c9864b1d4779a26dc274cedcba,579,e7e52a72ed37ecaf9ffaa2fab836b7c2f5539d1f,NOASSERTION,NOASSERTION,unchanged upstream baseline,not release-cleared
krita/data/gradients/GPS-Fire-Dust.ggr,af2702d8c8a06ce7f7948b31641ca9e2951a5a9eb931f1143b280d3d23b19d30,678,e7e52a72ed37ecaf9ffaa2fab836b7c2f5539d1f,NOASSERTION,NOASSERTION,unchanged upstream baseline,not release-cleared
krita/data/gradients/GPS-Fire-Incandescent.ggr,12118c193b561d85d08a42bbbff1c47946f5c944b8bc6c1f4fc953efca8ee3e9,365,e7e52a72ed37ecaf9ffaa2fab836b7c2f5539d1f,NOASSERTION,NOASSERTION,unchanged upstream baseline,not release-cleared
krita/data/gradients/GPS-Fire-Life-Span.ggr,9a325d9d4db8ffe38caf578849d3c214e86557b0b196eccba5b7eec03e589b9e,683,e7e52a72ed37ecaf9ffaa2fab836b7c2f5539d1f,NOASSERTION,NOASSERTION,unchanged upstream baseline,not release-cleared
krita/data/gradients/GPS-Haze-and-Atmosphere.ggr,c4a35dce0d116b5f4b84c91e16681e20b9d210656ae3328d1a9b3dc901658e3a,153,e7e52a72ed37ecaf9ffaa2fab836b7c2f5539d1f,NOASSERTION,NOASSERTION,unchanged upstream baseline,not release-cleared
krita/data/gradients/GPS-Light-Saber-_Use-FG-color_.ggr,b9913ebf0a17b9e33e3e69655dd8e65fcfc11834da2d7e4ea93fb22602286012,374,e7e52a72ed37ecaf9ffaa2fab836b7c2f5539d1f,NOASSERTION,NOASSERTION,unchanged upstream baseline,not release-cleared
krita/data/gradients/GPS-Nature-Pure-greens.ggr,1454627b641b16d3ea7e31eca5d78285cf0da274008d290470f6f145e1695596,366,e7e52a72ed37ecaf9ffaa2fab836b7c2f5539d1f,NOASSERTION,NOASSERTION,unchanged upstream baseline,not release-cleared
krita/data/gradients/GPS-Nature-browns-copy.ggr,6f5f28bb60e4b2eee11e557fda07d669f738a120b3f89a152948e44ea2aeeb44,1972,e7e52a72ed37ecaf9ffaa2fab836b7c2f5539d1f,NOASSERTION,NOASSERTION,unchanged upstream baseline,not release-cleared
krita/data/gradients/GPS-Nature-random-greens.ggr,a4c2338aff5b22461488898145ea27440f78ba0edd543c89b8f5ea99cf1f6932,1546,e7e52a72ed37ecaf9ffaa2fab836b7c2f5539d1f,NOASSERTION,NOASSERTION,unchanged upstream baseline,not release-cleared
krita/data/gradients/GPS-Nature_Grass.ggr,3853d7955ff84a4e5d056a949611480e47e823a7d64ffb1ebfd1853ff201e936,681,e7e52a72ed37ecaf9ffaa2fab836b7c2f5539d1f,NOASSERTION,NOASSERTION,unchanged upstream baseline,not release-cleared
krita/data/gradients/GPS-Simple-Smoke.ggr,6e8a179022a3af1eb013466c4be661b8021ccef0e78d2104a3880fd767ea4759,467,e7e52a72ed37ecaf9ffaa2fab836b7c2f5539d1f,NOASSERTION,NOASSERTION,unchanged upstream baseline,not release-cleared
krita/data/gradients/GPS-Steel-Bars.ggr,3466a438a09757d1f8840ab49ed92a6cdc77305e234332dd061dca72d65e8208,1000,e7e52a72ed37ecaf9ffaa2fab836b7c2f5539d1f,NOASSERTION,NOASSERTION,unchanged upstream baseline,not release-cleared
krita/data/gradients/GPS-eye-_Blue_.ggr,d3f0cca99fac52fdabf31ff69d5092d9f21247a2205b4ee7126755270b40ebd1,893,e7e52a72ed37ecaf9ffaa2fab836b7c2f5539d1f,NOASSERTION,NOASSERTION,unchanged upstream baseline,not release-cleared
krita/data/input/CMakeLists.txt,46f032b4873f83f6c49d06fb4b5b5573a611c42cb3c3b158ef2341c4851f8cfe,323,e7e52a72ed37ecaf9ffaa2fab836b7c2f5539d1f,NOASSERTION,NOASSERTION,unchanged upstream baseline,not release-cleared
krita/data/input/clipstudiopaintcompatible.profile,3493a8c8c42a70a801a72aa9aacbfe8907bffcd4c4114d01719162ab75a4664e,1415,e7e52a72ed37ecaf9ffaa2fab836b7c2f5539d1f,NOASSERTION,NOASSERTION,unchanged upstream baseline,not release-cleared
krita/data/input/kritadefault.profile,274358154646b811201a2377c74306b55a83fabdb6d9756f070bd431cf7fd743,1430,e7e52a72ed37ecaf9ffaa2fab836b7c2f5539d1f,NOASSERTION,NOASSERTION,unchanged upstream baseline,not release-cleared
krita/data/input/painttoolsaicompatible.profile,494a8892b61ba100e66d9e930916f2fbaa68cfb4e5215587eba7da76c4b9de84,1425,e7e52a72ed37ecaf9ffaa2fab836b7c2f5539d1f,NOASSERTION,NOASSERTION,unchanged upstream baseline,not release-cleared
krita/data/input/photoshopcompatible.profile,4d89258979b64d0db829912ec6491fb5f3e645bcc81865e45a283cb331835640,1280,e7e52a72ed37ecaf9ffaa2fab836b7c2f5539d1f,NOASSERTION,NOASSERTION,unchanged upstream baseline,not release-cleared
krita/data/input/tabletpro.profile,f771862379bc51fb76abefbc6bf7edcc8e2291dc46fb065eaf3371426cc65e03,1356,e7e52a72ed37ecaf9ffaa2fab836b7c2f5539d1f,NOASSERTION,NOASSERTION,unchanged upstream baseline,not release-cleared
krita/data/kritarc,311ddf48a5a2249686987f369e8fd49f36e75485abfc66c425e504e9567b8817,21695,e7e52a72ed37ecaf9ffaa2fab836b7c2f5539d1f,NOASSERTION,NOASSERTION,unchanged upstream baseline,not release-cleared
krita/data/metadata/schemas/CMakeLists.txt,0506de90d47b1ddd9443b2260bd82837e835af203f894c245fda51acabea5b99,297,e7e52a72ed37ecaf9ffaa2fab836b7c2f5539d1f,NOASSERTION,NOASSERTION,unchanged upstream baseline,not release-cleared
krita/data/metadata/schemas/dc.schema,d2aaa730647f481eca33dec74210ad3c9f90450413d206354631cfa2644ecbea,681,e7e52a72ed37ecaf9ffaa2fab836b7c2f5539d1f,NOASSERTION,NOASSERTION,unchanged upstream baseline,not release-cleared
krita/data/metadata/schemas/exif.schema,7bb402c4c3b5aac95ef32d221fa46d65d4c4e4c69da4eb3d4f4db0b90ffb4f6d,10342,e7e52a72ed37ecaf9ffaa2fab836b7c2f5539d1f,NOASSERTION,NOASSERTION,unchanged upstream baseline,not release-cleared
krita/data/metadata/schemas/mkn.schema,5c741c13be0c7f593d7ef65cf754a303927cbdaadb45f0b0888433f1d8b27787,176,e7e52a72ed37ecaf9ffaa2fab836b7c2f5539d1f,NOASSERTION,NOASSERTION,unchanged upstream baseline,not release-cleared
krita/data/metadata/schemas/tiff.schema,ac6f0af09ca9de6153a817b79cfcb3f2c6cf3de8a3b248d302e5058a134f5158,2210,e7e52a72ed37ecaf9ffaa2fab836b7c2f5539d1f,NOASSERTION,NOASSERTION,unchanged upstream baseline,not release-cleared
krita/data/metadata/schemas/xmp.schema,43f82c9816f5bb18211bab00f64d5a128388ed474f8abb142fa19e9bd013ae46,791,e7e52a72ed37ecaf9ffaa2fab836b7c2f5539d1f,NOASSERTION,NOASSERTION,unchanged upstream baseline,not release-cleared
krita/data/metadata/schemas/xmpmm.schema,d6f8885bf089f7914b5b3ca37afd5dfddb8dcf7226df95c9b3fd9ff125582a88,2509,e7e52a72ed37ecaf9ffaa2fab836b7c2f5539d1f,NOASSERTION,NOASSERTION,unchanged upstream baseline,not release-cleared
krita/data/metadata/schemas/xmprights.schema,0ce84622790ca7e0d248cedae64ca0be9cd8cff1010841b6f599227910b9c3c5,141,e7e52a72ed37ecaf9ffaa2fab836b7c2f5539d1f,NOASSERTION,NOASSERTION,unchanged upstream baseline,not release-cleared
krita/data/mime-database/freedesktop.org.xml,c25744e502a4956091775b11f87db06d68d2d5dcdae2336490d7af18d446f41f,2375737,e7e52a72ed37ecaf9ffaa2fab836b7c2f5539d1f,NOASSERTION,NOASSERTION,unchanged upstream baseline,not release-cleared
krita/data/mime-database/mime-database.qrc,6ea29d86db52a5805dc315cc763d7d27a2938f9f69eba85213aeaf63a4bbbb53,260,e7e52a72ed37ecaf9ffaa2fab836b7c2f5539d1f,NOASSERTION,NOASSERTION,unchanged upstream baseline,not release-cleared
krita/data/paintoppresets/CMakeLists.txt,1036373112ac7c4ced21c07bf0d4d53d14a6f46850d7fb0d34a71981e8103127,802,e7e52a72ed37ecaf9ffaa2fab836b7c2f5539d1f,NOASSERTION,NOASSERTION,unchanged upstream baseline,not release-cleared
krita/data/paintoppresets/Digital.tag,39412c1e516eed3bf1b3d5a9eac61c14046da05fc5b360c27037162a71110156,3866,e7e52a72ed37ecaf9ffaa2fab836b7c2f5539d1f,NOASSERTION,NOASSERTION,unchanged upstream baseline,not release-cleared
krita/data/paintoppresets/Erasers.tag,95f32bfec1128c1ffcadbbcdeb144946d81b14f3c6a40c21eefed2e2d599a193,2686,e7e52a72ed37ecaf9ffaa2fab836b7c2f5539d1f,NOASSERTION,NOASSERTION,unchanged upstream baseline,not release-cleared
krita/data/paintoppresets/FX.tag,f1e682d527e47ed3b371c5e6758e38f895ff06ebd6fffcd654fdf5a6c9538d8b,2068,e7e52a72ed37ecaf9ffaa2fab836b7c2f5539d1f,NOASSERTION,NOASSERTION,unchanged upstream baseline,not release-cleared
krita/data/paintoppresets/Favorites.tag,4b872f2f51c40e5d25e8a446607cbd7c343e1c08f060487ef870008bb4972f4e,3198,e7e52a72ed37ecaf9ffaa2fab836b7c2f5539d1f,NOASSERTION,NOASSERTION,unchanged upstream baseline,not release-cleared
krita/data/paintoppresets/Ink.tag,34c0a28f28e3a90a6557cc5a5242477e8cfd63c50c561de49081803e53cb3ccc,2476,e7e52a72ed37ecaf9ffaa2fab836b7c2f5539d1f,NOASSERTION,NOASSERTION,unchanged upstream baseline,not release-cleared
krita/data/paintoppresets/Paint.tag,22c528c78a17f81dd881588b1fcea7cc6f6db64d0638d811f01f7910a8edf228,1982,e7e52a72ed37ecaf9ffaa2fab836b7c2f5539d1f,NOASSERTION,NOASSERTION,unchanged upstream baseline,not release-cleared
krita/data/paintoppresets/Pixel_Art.tag,8e188fb636bb73409798c9be365864ee15fbe501d07330a2daf47bc5aacc2f41,3784,e7e52a72ed37ecaf9ffaa2fab836b7c2f5539d1f,NOASSERTION,NOASSERTION,unchanged upstream baseline,not release-cleared
krita/data/paintoppresets/Sketch.tag,d8a6ee8a232a407c1670af9eb5aa67e4003bfcd4561c41c0bef46119fab48da2,2682,e7e52a72ed37ecaf9ffaa2fab836b7c2f5539d1f,NOASSERTION,NOASSERTION,unchanged upstream baseline,not release-cleared
krita/data/paintoppresets/Textures.tag,b35211aa72f6d407afcbc96020c921d08e1c83177a0f1e6307c8f1f9dbb03635,2724,e7e52a72ed37ecaf9ffaa2fab836b7c2f5539d1f,NOASSERTION,NOASSERTION,unchanged upstream baseline,not release-cleared
krita/data/paintoppresets/a)_Eraser_Circle.kpp,37c95280c64768eda01855d27b62b3e15ffe405dd461d6096ee42c0aa61c6f0f,24264,e7e52a72ed37ecaf9ffaa2fab836b7c2f5539d1f,NOASSERTION,NOASSERTION,unchanged upstream baseline,not release-cleared
krita/data/paintoppresets/b)_Basic-5_Size_default.kpp,901959e9c7e663062083deb091b72d083538cf3fb9d2c5364e397777f9e0019e,22572,e7e52a72ed37ecaf9ffaa2fab836b7c2f5539d1f,NOASSERTION,NOASSERTION,unchanged upstream baseline,not release-cleared
krita/data/paintoppresets/j)_WaterC_Basic_Lines-Dry.kpp,3a7898519c197343a85aa013df1d6ef78a30e8a584b1b8baac71c383c18fade7,385952,e7e52a72ed37ecaf9ffaa2fab836b7c2f5539d1f,NOASSERTION,NOASSERTION,unchanged upstream baseline,not release-cleared
krita/data/paintoppresets/j)_WaterC_Basic_Lines-Wet-Pattern.kpp,a8a9d4df1a5049353ef6643f03284c38248f8a9aaa0bd2cd4ec2e9c5f0ee1e05,274506,e7e52a72ed37ecaf9ffaa2fab836b7c2f5539d1f,NOASSERTION,NOASSERTION,unchanged upstream baseline,not release-cleared
krita/data/paintoppresets/j)_WaterC_Basic_Lines-Wet.kpp,b9fd5d327f73bd6bd362f674d08057b936c668a0cf67f8b5f756c01f3af5cfbc,386525,e7e52a72ed37ecaf9ffaa2fab836b7c2f5539d1f,NOASSERTION,NOASSERTION,unchanged upstream baseline,not release-cleared
krita/data/paintoppresets/j)_WaterC_Basic_Round-Fringe_02.kpp,af2336e4fce4295e17fc3b3a4ff2f7f467384c84cb55bbbc2fc0a4a45c600f4b,22365,e7e52a72ed37ecaf9ffaa2fab836b7c2f5539d1f,NOASSERTION,NOASSERTION,unchanged upstream baseline,not release-cleared
krita/data/paintoppresets/j)_WaterC_Basic_Round-Grain.kpp,5ee0a95e46ef7c59833fd85d7391416a99513dfd7996795efde55f39d14b42fb,31139,e7e52a72ed37ecaf9ffaa2fab836b7c2f5539d1f,NOASSERTION,NOASSERTION,unchanged upstream baseline,not release-cleared
krita/data/paintoppresets/j)_WaterC_Basic_Round-Grunge.kpp,18d6a6a56f6a6d16f197592a6e24bb739c936f84af8cb5b8a1ce8ad033d3e6ee,29670,e7e52a72ed37ecaf9ffaa2fab836b7c2f5539d1f,NOASSERTION,NOASSERTION,unchanged upstream baseline,not release-cleared
krita/data/paintoppresets/j)_WaterC_Flat_Big-Grain_Tilt.kpp,419dcd488838268c183d94b185622efbec30aecaa81d157f100f569e6f67775a,232783,e7e52a72ed37ecaf9ffaa2fab836b7c2f5539d1f,NOASSERTION,NOASSERTION,unchanged upstream baseline,not release-cleared
krita/data/paintoppresets/j)_WaterC_Flat_Decay_Tilt.kpp,a826d0e9e0fa26010d63f86381a64463b5e1f7c6302a89872c5a99808fb3a0e1,30601,e7e52a72ed37ecaf9ffaa2fab836b7c2f5539d1f,NOASSERTION,NOASSERTION,unchanged upstream baseline,not release-cleared
krita/data/paintoppresets/j)_WaterC_Special_Blobs.kpp,445ad684c2b81f60386513bebe1f92a37646d4c4c4e237a7abf81e0480aa91db,46157,e7e52a72ed37ecaf9ffaa2fab836b7c2f5539d1f,NOASSERTION,NOASSERTION,unchanged upstream baseline,not release-cleared
krita/data/paintoppresets/j)_WaterC_Special_Splats.kpp,e50e58cca16f7fa3c83f01389c86bea3ff3dcbfc326e035c02f623690e28390e,32820,e7e52a72ed37ecaf9ffaa2fab836b7c2f5539d1f,NOASSERTION,NOASSERTION,unchanged upstream baseline,not release-cleared
krita/data/paintoppresets/j)_WaterC_Spread-Pattern.kpp,1f7380094851eb97a79a677e08a9c52bb8e817055c787d4ad0761cb2ba048d12,286168,e7e52a72ed37ecaf9ffaa2fab836b7c2f5539d1f,NOASSERTION,NOASSERTION,unchanged upstream baseline,not release-cleared
krita/data/paintoppresets/j)_WaterC_Spread.kpp,14315c2cac9a68e71a02bb9f69092dea0b87637b323d3612caaadfb94c760990,31381,e7e52a72ed37ecaf9ffaa2fab836b7c2f5539d1f,NOASSERTION,NOASSERTION,unchanged upstream baseline,not release-cleared
krita/data/paintoppresets/j)_WaterC_Spread_WideArea.kpp,be7f70d7e4972efc4fc0d5d551728d7aac780e7cb4c6fc56be89ea66c15e5cb8,42093,e7e52a72ed37ecaf9ffaa2fab836b7c2f5539d1f,NOASSERTION,NOASSERTION,unchanged upstream baseline,not release-cleared
krita/data/paintoppresets/j)_WaterC_Water-Pattern.kpp,4774ef595a46ddef95700695c03c49bddc1615dc151690d1fd0e914091ec4b59,241061,e7e52a72ed37ecaf9ffaa2fab836b7c2f5539d1f,NOASSERTION,NOASSERTION,unchanged upstream baseline,not release-cleared
krita/data/palettes/CMakeLists.txt,f1d32fad9bdeb6222296ce5f52f0b0881c64ca39a3e44567f14b48b0ee0ab5ed,357,e7e52a72ed37ecaf9ffaa2fab836b7c2f5539d1f,NOASSERTION,NOASSERTION,unchanged upstream baseline,not release-cleared
krita/data/palettes/animation-color-set.gpl,2c224b4e6c6bb9b98102041679ecc39189afa4dfc15da66d35054f0525d95f34,466,e7e52a72ed37ecaf9ffaa2fab836b7c2f5539d1f,NOASSERTION,NOASSERTION,unchanged upstream baseline,not release-cleared
krita/data/palettes/concept-cookie.gpl,e20ade1ea7780359402593f22b33462ed17ca60e8a4ef8f5f94bddcec404b8fd,12916,e7e52a72ed37ecaf9ffaa2fab836b7c2f5539d1f,NOASSERTION,NOASSERTION,unchanged upstream baseline,not release-cleared
krita/data/palettes/default.gpl,faf0108624b4a627fcf123a152f08027b75f30270051ec349abdb0d010f66d2c,2966,e7e52a72ed37ecaf9ffaa2fab836b7c2f5539d1f,NOASSERTION,NOASSERTION,unchanged upstream baseline,not release-cleared
krita/data/palettes/gradient.gpl,9db23173d89001dfa801f5c444a539c73333f38890d9dcb5836237a890720949,16215,e7e52a72ed37ecaf9ffaa2fab836b7c2f5539d1f,NOASSERTION,NOASSERTION,unchanged upstream baseline,not release-cleared
krita/data/palettes/marker.gpl,b30bafa99845526bbcc7ab628783f0a95acfbd7dc62beeb21e2708d483adbfbc,5345,e7e52a72ed37ecaf9ffaa2fab836b7c2f5539d1f,NOASSERTION,NOASSERTION,unchanged upstream baseline,not release-cleared
krita/data/palettes/pixelart-16.gpl,165b6f5c4ad1718b75afc4d0121c541fdd2f2bacb2a004b0274073702f1c9b68,516,e7e52a72ed37ecaf9ffaa2fab836b7c2f5539d1f,NOASSERTION,NOASSERTION,unchanged upstream baseline,not release-cleared
krita/data/palettes/pixelart-32.gpl,3c510b2120455c0cc007c4c4acffc68504eb10931357793c707582544687c4e3,801,e7e52a72ed37ecaf9ffaa2fab836b7c2f5539d1f,NOASSERTION,NOASSERTION,unchanged upstream baseline,not release-cleared
krita/data/palettes/ps.gpl,8517d7f30baeebd0eb81102091ab2cec5810be6156d1fa27e586dcf504a02f72,2810,e7e52a72ed37ecaf9ffaa2fab836b7c2f5539d1f,NOASSERTION,NOASSERTION,unchanged upstream baseline,not release-cleared
krita/data/palettes/swatch-cmyk.gpl,049833f3a1b74efe960ecbff53068126b96205456315bdbe25fb09e559ca6e3e,14579,e7e52a72ed37ecaf9ffaa2fab836b7c2f5539d1f,NOASSERTION,NOASSERTION,unchanged upstream baseline,not release-cleared
krita/data/palettes/swatch-colored-grey.gpl,ebf460d82f635b109dedb9b73bc2de1819d7da96540b75ef030f1840de676bd2,9556,e7e52a72ed37ecaf9ffaa2fab836b7c2f5539d1f,NOASSERTION,NOASSERTION,unchanged upstream baseline,not release-cleared
krita/data/palettes/swatch-rgb.gpl,02b4792a674a1c475c80f0ac130f16f9db82b5986f5e9cb76a8b2021438370ce,12057,e7e52a72ed37ecaf9ffaa2fab836b7c2f5539d1f,NOASSERTION,NOASSERTION,unchanged upstream baseline,not release-cleared
krita/data/palettes/swatche.gpl,e68c7a0594d875ec5b001967dcd7d40c846f9a850e18b416d8d0f804cf00bbbf,9772,e7e52a72ed37ecaf9ffaa2fab836b7c2f5539d1f,NOASSERTION,NOASSERTION,unchanged upstream baseline,not release-cleared
krita/data/palettes/web.gpl,be0df9edeb30871ddbc84abd1946254ad3390ac441826db35366eb8fa05a9787,6085,e7e52a72ed37ecaf9ffaa2fab836b7c2f5539d1f,NOASSERTION,NOASSERTION,unchanged upstream baseline,not release-cleared
krita/data/patterns/01_canvas.png,57b8ade6f2c55d16f112a628f593f1dd617ffc0f2dce533a7669aa04267f0e7b,175604,e7e52a72ed37ecaf9ffaa2fab836b7c2f5539d1f,NOASSERTION,NOASSERTION,unchanged upstream baseline,not release-cleared
krita/data/patterns/02_rough-canvas.png,3953f1faf3b620713fa7cbf15c3b989de826f54890e9fdeebb602dd402e087e3,189480,e7e52a72ed37ecaf9ffaa2fab836b7c2f5539d1f,NOASSERTION,NOASSERTION,unchanged upstream baseline,not release-cleared
krita/data/patterns/02b_WoofTissue.png,636cf938234eea2adee32a13751248db4b454f7f6affc716bf448d5aacee55b4,172166,e7e52a72ed37ecaf9ffaa2fab836b7c2f5539d1f,NOASSERTION,NOASSERTION,unchanged upstream baseline,not release-cleared
krita/data/patterns/03_default-paper.png,55ada35d5abeab4cff06642e0bb7b8d3d6cc9f210b17d91fe8c2edf43d57c96a,150692,e7e52a72ed37ecaf9ffaa2fab836b7c2f5539d1f,NOASSERTION,NOASSERTION,unchanged upstream baseline,not release-cleared
krita/data/patterns/04_paper-C-grain.png,f76947e372e7cf5cf1b4738d2e74c7ab7394c581359481eca45a6e16b0c10c95,175029,e7e52a72ed37ecaf9ffaa2fab836b7c2f5539d1f,NOASSERTION,NOASSERTION,unchanged upstream baseline,not release-cleared
krita/data/patterns/05_paper-torchon.png,645f29d2b423ab610989e584d55f61e4f4888363b7850c75f30d66c4e27eadbf,192050,e7e52a72ed37ecaf9ffaa2fab836b7c2f5539d1f,NOASSERTION,NOASSERTION,unchanged upstream baseline,not release-cleared
krita/data/patterns/06_hard-grain.png,535a2c1ba632d617fc7f6ede61d8790436c77f64f06fe6ab944df333b81aaf20,168458,e7e52a72ed37ecaf9ffaa2fab836b7c2f5539d1f,NOASSERTION,NOASSERTION,unchanged upstream baseline,not release-cleared
krita/data/patterns/08_bump-relief.png,70b0ae52c6b1a47c7132fba75f5a9432120a86a1d3d7c12288733af771145464,126246,e7e52a72ed37ecaf9ffaa2fab836b7c2f5539d1f,NOASSERTION,NOASSERTION,unchanged upstream baseline,not release-cleared
krita/data/patterns/09_drawed_crosshatched.png,4999de8878ac38de7fd5b3580e722a3fbdab82f59ec0d1960ea33a7bf46fac9d,186121,e7e52a72ed37ecaf9ffaa2fab836b7c2f5539d1f,NOASSERTION,NOASSERTION,unchanged upstream baseline,not release-cleared
krita/data/patterns/09b_drawed-CrossedLines.png,8548ba38ebc02a9176dbf60d471076b6a298a2d5eab1f702983160a3fe73956c,176937,e7e52a72ed37ecaf9ffaa2fab836b7c2f5539d1f,NOASSERTION,NOASSERTION,unchanged upstream baseline,not release-cleared
krita/data/patterns/10_drawed_dotted.png,a3deb0afa456903a9216f9bc7f20c49467258d7edaf7a839eedd74b5d8ebd353,188307,e7e52a72ed37ecaf9ffaa2fab836b7c2f5539d1f,NOASSERTION,NOASSERTION,unchanged upstream baseline,not release-cleared
krita/data/patterns/11_drawed_furry.png,19ff29204d348c5036893a762c02145ed112815dd296af4300bff1e857341a45,178938,e7e52a72ed37ecaf9ffaa2fab836b7c2f5539d1f,NOASSERTION,NOASSERTION,unchanged upstream baseline,not release-cleared
krita/data/patterns/12_drawed_vertical.png,b86b9d48d2f1be3637ed83cfef4d7d26ca912a1da9859b73af36a9ccb79e6344,180913,e7e52a72ed37ecaf9ffaa2fab836b7c2f5539d1f,NOASSERTION,NOASSERTION,unchanged upstream baseline,not release-cleared
krita/data/patterns/13_drawed_swirl.png,60078339fb5c6b4c9ae76980d68130b4659af39dddfcdd7ced97ab9b4a7b748c,163673,e7e52a72ed37ecaf9ffaa2fab836b7c2f5539d1f,NOASSERTION,NOASSERTION,unchanged upstream baseline,not release-cleared
krita/data/patterns/14_texture-rock.png,113b7bf596399f552d88976cffe393716147fd9d38b3bb14711bdb1407f0e7bb,186945,e7e52a72ed37ecaf9ffaa2fab836b7c2f5539d1f,NOASSERTION,NOASSERTION,unchanged upstream baseline,not release-cleared
krita/data/patterns/15_texture-rockB.png,c4b9c038a083b08c4410c895bbcf4458e5437359574b5868018b1ea5de03dde9,186898,e7e52a72ed37ecaf9ffaa2fab836b7c2f5539d1f,NOASSERTION,NOASSERTION,unchanged upstream baseline,not release-cleared
krita/data/patterns/16_texture-woody.png,bcb02aa96bd0bac6456cfd0338fdc3915801075b91e94c83c038bf0646e68ff9,190294,e7e52a72ed37ecaf9ffaa2fab836b7c2f5539d1f,NOASSERTION,NOASSERTION,unchanged upstream baseline,not release-cleared
krita/data/patterns/17_texture-melt.png,0f90b6e24685914c1f69334b06b81175a5ff84f0d05371904101ec52a8a1bd98,192008,e7e52a72ed37ecaf9ffaa2fab836b7c2f5539d1f,NOASSERTION,NOASSERTION,unchanged upstream baseline,not release-cleared
krita/data/patterns/18_texture-bark.png,b2c6d7b2e0b3740adf00defeebf1f3888dbc365125137246cc14c6f81f0316f3,190311,e7e52a72ed37ecaf9ffaa2fab836b7c2f5539d1f,NOASSERTION,NOASSERTION,unchanged upstream baseline,not release-cleared
krita/data/patterns/18b_WaveFlex.png,ca30c3384bf0e9136d72a0ca9fd60746f2d4183252c203b833e8e20804609f3f,161482,e7e52a72ed37ecaf9ffaa2fab836b7c2f5539d1f,NOASSERTION,NOASSERTION,unchanged upstream baseline,not release-cleared
krita/data/patterns/19_texture-crackle.png,27df36d9dbac67767c84fb4a9a613bf6d3eac06fc3b46303a3c6f657ec2fd202,177803,e7e52a72ed37ecaf9ffaa2fab836b7c2f5539d1f,NOASSERTION,NOASSERTION,unchanged upstream baseline,not release-cleared
krita/data/patterns/20_texture-vegetal.png,798ab098f11ef219d9d967ad079aeab5d297472e5b2dbf8877990b340c272f25,138911,e7e52a72ed37ecaf9ffaa2fab836b7c2f5539d1f,NOASSERTION,NOASSERTION,unchanged upstream baseline,not release-cleared
krita/data/patterns/21_texture-chainmail.png,87377c788b260f7fdc8e040068326c0bc6d330d621707fd394980c7635c5801c,166584,e7e52a72ed37ecaf9ffaa2fab836b7c2f5539d1f,NOASSERTION,NOASSERTION,unchanged upstream baseline,not release-cleared
krita/data/patterns/22_texture-reptile.png,0f1b1fa6d93671cc5691ea9fcd0cbfc4914a6a2130e43f1b54db89db74cdfa20,122799,e7e52a72ed37ecaf9ffaa2fab836b7c2f5539d1f,NOASSERTION,NOASSERTION,unchanged upstream baseline,not release-cleared
krita/data/patterns/23-dynamic-screentone-A.png,cdc9be2f5cce716972cafc7218efbf383d460007c5d584d8c6809aa132ed4a40,1063,e7e52a72ed37ecaf9ffaa2fab836b7c2f5539d1f,NOASSERTION,NOASSERTION,unchanged upstream baseline,not release-cleared
krita/data/patterns/24-dynamic-screentone-B.png,3ca80eda6847eeab46c139c26de2bd671d147d976b76a6b1f81ec05e6553f640,1215,e7e52a72ed37ecaf9ffaa2fab836b7c2f5539d1f,NOASSERTION,NOASSERTION,unchanged upstream baseline,not release-cleared
krita/data/patterns/25-dynamic-screentone-C.png,1ac0427a43f4a398f6eeef6503938bee691b8b64967857670d98e55c6a7e3f10,520,e7e52a72ed37ecaf9ffaa2fab836b7c2f5539d1f,NOASSERTION,NOASSERTION,unchanged upstream baseline,not release-cleared
krita/data/patterns/26_brush-marks.png,048274ee446addd1ea2caa1394190f1653cc1520822111b85455eef0fd29a3e8,335501,e7e52a72ed37ecaf9ffaa2fab836b7c2f5539d1f,NOASSERTION,NOASSERTION,unchanged upstream baseline,not release-cleared
krita/data/patterns/Abstract_lines.png,2922335ff686e7bd3d18665232c35c35e013097151e9b072d8ba1c7947565446,149191,e7e52a72ed37ecaf9ffaa2fab836b7c2f5539d1f,NOASSERTION,NOASSERTION,unchanged upstream baseline,not release-cleared
krita/data/patterns/CMakeLists.txt,ce8580c03150bd58929f2b9107d23c258dfa84199770dec7e468271889f9a69b,2081,e7e52a72ed37ecaf9ffaa2fab836b7c2f5539d1f,NOASSERTION,NOASSERTION,unchanged upstream baseline,not release-cleared
krita/data/patterns/Cross01.pat,1ce1ae8eebe8a8f0fdbe7d744254bf938ff2f7d7c661d9792c6d2fada57a7074,1625,e7e52a72ed37ecaf9ffaa2fab836b7c2f5539d1f,NOASSERTION,NOASSERTION,unchanged upstream baseline,not release-cleared
krita/data/patterns/Cross02.pat,b404cc9549f71071bd9ffc4cd30a8180fad62ed4d517d97e125a7b96a6bffea2,1625,e7e52a72ed37ecaf9ffaa2fab836b7c2f5539d1f,NOASSERTION,NOASSERTION,unchanged upstream baseline,not release-cleared
krita/data/patterns/Cross03.pat,a431f38bdad8bafc0a9415b47e0594b8e0661e372d07aa2053552a51d7932c40,601,e7e52a72ed37ecaf9ffaa2fab836b7c2f5539d1f,NOASSERTION,NOASSERTION,unchanged upstream baseline,not release-cleared
krita/data/patterns/Cross04.pat,7781b979782bec1470b3ab9012c4fdc4778a7130a5b6d50c7e1c167464639cce,601,e7e52a72ed37ecaf9ffaa2fab836b7c2f5539d1f,NOASSERTION,NOASSERTION,unchanged upstream baseline,not release-cleared
krita/data/patterns/Cross05.pat,914b7fe4fed0d14aaaef49229f0e981a00b08ebfb5c1fe5159aed03b2cb8594f,1625,e7e52a72ed37ecaf9ffaa2fab836b7c2f5539d1f,NOASSERTION,NOASSERTION,unchanged upstream baseline,not release-cleared
krita/data/patterns/Cross06.pat,d3acde0539bce62b2990784412fe56245d33f5f6b963f93acc8faa2dbfec7b92,1625,e7e52a72ed37ecaf9ffaa2fab836b7c2f5539d1f,NOASSERTION,NOASSERTION,unchanged upstream baseline,not release-cleared
krita/data/patterns/Cross07.pat,3365cdf0ac3bed4a1d0eb37e285834cdd6cbbc86f6a49611c73b8d13f66cd704,601,e7e52a72ed37ecaf9ffaa2fab836b7c2f5539d1f,NOASSERTION,NOASSERTION,unchanged upstream baseline,not release-cleared
krita/data/patterns/Crumpled_Paper.pat,d67f9545d740a53bd7f9c286cb88999e1ed797c5163c1cba1c31971fee357521,160034,e7e52a72ed37ecaf9ffaa2fab836b7c2f5539d1f,NOASSERTION,NOASSERTION,unchanged upstream baseline,not release-cleared
krita/data/patterns/DITH_0202_CLUS.pat,6e868e6fc97fdfd554d121761de3ede38e3b60cb1c505d9ba544d5adb4f05a3b,43,e7e52a72ed37ecaf9ffaa2fab836b7c2f5539d1f,NOASSERTION,NOASSERTION,unchanged upstream baseline,not release-cleared
krita/data/patterns/DITH_0202_GEN_.pat,1d05e5591654781da5c3ad72ebe79e5e0384edb7de8d607ed8764d0c945eafe5,43,e7e52a72ed37ecaf9ffaa2fab836b7c2f5539d1f,NOASSERTION,NOASSERTION,unchanged upstream baseline,not release-cleared
krita/data/patterns/DITH_0202_HORZ.pat,b20c5e0123f217da63fb2f836e9a5254328ccc83dd7e974a006d1d93aca4143a,43,e7e52a72ed37ecaf9ffaa2fab836b7c2f5539d1f,NOASSERTION,NOASSERTION,unchanged upstream baseline,not release-cleared
krita/data/patterns/DITH_0202_VERT.pat,b72d4e105a8110430412b61ee7421e9ee6cb00a0a97b596d2869cd117a1dc41d,43,e7e52a72ed37ecaf9ffaa2fab836b7c2f5539d1f,NOASSERTION,NOASSERTION,unchanged upstream baseline,not release-cleared
krita/data/patterns/DITH_0404_ALT_.pat,56ca79837e7e1edf0d6cb41c6b1234f379a62ac75dbe774d7e94c76d2c61c3ee,55,e7e52a72ed37ecaf9ffaa2fab836b7c2f5539d1f,NOASSERTION,NOASSERTION,unchanged upstream baseline,not release-cleared
krita/data/patterns/DITH_0404_BL22.pat,a19bbf620a62967f1c5427831810b45310a8eca898ae4a0f334f6868a59179d0,55,e7e52a72ed37ecaf9ffaa2fab836b7c2f5539d1f,NOASSERTION,NOASSERTION,unchanged upstream baseline,not release-cleared
krita/data/patterns/DITH_0404_CLUS.pat,18e025e7956d6e928a1f837ce4ec333d552e4eb93283c4ae06ab87a4afa09965,55,e7e52a72ed37ecaf9ffaa2fab836b7c2f5539d1f,NOASSERTION,NOASSERTION,unchanged upstream baseline,not release-cleared
krita/data/patterns/DITH_0404_CURL.pat,632c62e761eea5aea67a06a066cf75ca7cd039b57d724ef7802fa982b87c6e8d,55,e7e52a72ed37ecaf9ffaa2fab836b7c2f5539d1f,NOASSERTION,NOASSERTION,unchanged upstream baseline,not release-cleared
krita/data/patterns/DITH_0404_DIAG.pat,1a0a9e3a66180a13f66b4c20f318c04722f9bd90a0d2dd956049619a02351b16,55,e7e52a72ed37ecaf9ffaa2fab836b7c2f5539d1f,NOASSERTION,NOASSERTION,unchanged upstream baseline,not release-cleared
krita/data/patterns/DITH_0404_ELL2.pat,9e8c1ee6c2079743c082492ec3bdd709e26933e5161e5e69e5009c60d89774e9,55,e7e52a72ed37ecaf9ffaa2fab836b7c2f5539d1f,NOASSERTION,NOASSERTION,unchanged upstream baseline,not release-cleared
krita/data/patterns/DITH_0404_ELL3.pat,1b150aef73494cc5e6a92796374593dbed6c64e533461a798b4e160c305717c1,55,e7e52a72ed37ecaf9ffaa2fab836b7c2f5539d1f,NOASSERTION,NOASSERTION,unchanged upstream baseline,not release-cleared
krita/data/patterns/DITH_0404_ELLS.pat,a271003327e7e50acb04af2be7f8575dadd5733991beda0d87f2adf2617e337b,55,e7e52a72ed37ecaf9ffaa2fab836b7c2f5539d1f,NOASSERTION,NOASSERTION,unchanged upstream baseline,not release-cleared
krita/data/patterns/DITH_0404_GEN_.pat,713321fe56974aec3e0f4ccee7ba38e9af2085c0d93958885259406671ea9fbf,55,e7e52a72ed37ecaf9ffaa2fab836b7c2f5539d1f,NOASSERTION,NOASSERTION,unchanged upstream baseline,not release-cleared
krita/data/patterns/DITH_0404_HORZ.pat,978391a145d54906abf1db65f608d7c5349e2abd0443165d5c7343cc25fe459a,55,e7e52a72ed37ecaf9ffaa2fab836b7c2f5539d1f,NOASSERTION,NOASSERTION,unchanged upstream baseline,not release-cleared
krita/data/patterns/DITH_0404_SHUR.pat,7eeba68ff5cddd77500fba8a82798d2ff7724bbdf4d41b678a8a9c871e9343de,55,e7e52a72ed37ecaf9ffaa2fab836b7c2f5539d1f,NOASSERTION,NOASSERTION,unchanged upstream baseline,not release-cleared
krita/data/patterns/DITH_0404_SLIC.pat,d4ab86c8b8555333361c281325f6e54a2caa397986ea0a57477477a031c4ebc8,55,e7e52a72ed37ecaf9ffaa2fab836b7c2f5539d1f,NOASSERTION,NOASSERTION,unchanged upstream baseline,not release-cleared
krita/data/patterns/DITH_0404_VERT.pat,af23c6b5cb281ca4a78ea9929054f559422bdf33efdc326319ea37e4141b8bb0,55,e7e52a72ed37ecaf9ffaa2fab836b7c2f5539d1f,NOASSERTION,NOASSERTION,unchanged upstream baseline,not release-cleared
krita/data/patterns/DITH_0404_WAV2.pat,13a5041bd4297348ce247ea9afe30a63168b92396b19841c6b9844168a98a596,55,e7e52a72ed37ecaf9ffaa2fab836b7c2f5539d1f,NOASSERTION,NOASSERTION,unchanged upstream baseline,not release-cleared
krita/data/patterns/DITH_0404_WAVE.pat,350a2c5425d1161eb0814ba40ccdc2a40af809642443274fcf4c89c4bc63b424,55,e7e52a72ed37ecaf9ffaa2fab836b7c2f5539d1f,NOASSERTION,NOASSERTION,unchanged upstream baseline,not release-cleared
krita/data/patterns/DITH_0404_ZORO.pat,cca72450577dcbc5228605ac5cea6af9413a37863581a8b1f44fc7b609800247,55,e7e52a72ed37ecaf9ffaa2fab836b7c2f5539d1f,NOASSERTION,NOASSERTION,unchanged upstream baseline,not release-cleared
krita/data/patterns/DITH_0808_BL22.pat,c183394fe7be99d05f74a1fd22cbe10ce40a9c640afc037361efc7f0135c48aa,103,e7e52a72ed37ecaf9ffaa2fab836b7c2f5539d1f,NOASSERTION,NOASSERTION,unchanged upstream baseline,not release-cleared
krita/data/patterns/DITH_0808_BL22_v.pat,f75b77aa00a5f25e8f680fc3fd2b6435e02b89d156a6c43d1522c5d534398cd4,105,e7e52a72ed37ecaf9ffaa2fab836b7c2f5539d1f,NOASSERTION,NOASSERTION,unchanged upstream baseline,not release-cleared
krita/data/patterns/DITH_0808_BUBL.pat,d88961b76012449897ea88fe92600bd499320346fc8ae0459e4d6c9d01b672fc,103,e7e52a72ed37ecaf9ffaa2fab836b7c2f5539d1f,NOASSERTION,NOASSERTION,unchanged upstream baseline,not release-cleared
krita/data/patterns/DITH_0808_CIRC.pat,c98f58daf98303b7909cb3123f3154bda16d40ab09462fc221829e924d285aca,103,e7e52a72ed37ecaf9ffaa2fab836b7c2f5539d1f,NOASSERTION,NOASSERTION,unchanged upstream baseline,not release-cleared
krita/data/patterns/DITH_0808_CLUS.pat,0b12d39dca8f3c4aeb1677cb3d89824c1b815be6a2bcdbbedfe6a477b292c342,103,e7e52a72ed37ecaf9ffaa2fab836b7c2f5539d1f,NOASSERTION,NOASSERTION,unchanged upstream baseline,not release-cleared
krita/data/patterns/DITH_0808_DIAM.pat,96b0799adb117503ef024a173c78b50c856a2bb5e3d84e8b7d611437a04b3dac,103,e7e52a72ed37ecaf9ffaa2fab836b7c2f5539d1f,NOASSERTION,NOASSERTION,unchanged upstream baseline,not release-cleared
krita/data/patterns/DITH_0808_PANL.pat,2c705173adea9d7aff7d845950054494c60bcbe8fb17a6daf43b8872683f6ae5,103,e7e52a72ed37ecaf9ffaa2fab836b7c2f5539d1f,NOASSERTION,NOASSERTION,unchanged upstream baseline,not release-cleared
krita/data/patterns/DITH_0808_SPOT.pat,f50ef38906f215994e2031f8326a515c1c06507333aeebafeb92e96a024dd4e1,103,e7e52a72ed37ecaf9ffaa2fab836b7c2f5539d1f,NOASSERTION,NOASSERTION,unchanged upstream baseline,not release-cleared
krita/data/patterns/DITH_0808_SWRL.pat,6a7de995c3a6961b15df2f6c7ed17a66b2e403a66834da2dbe836a2a90a2eda1,103,e7e52a72ed37ecaf9ffaa2fab836b7c2f5539d1f,NOASSERTION,NOASSERTION,unchanged upstream baseline,not release-cleared
krita/data/patterns/DITH_0808_WAVE.pat,6658bfe5745735305711597ee2315cf2b2fda26aeddfd194226f4862c00bf2e2,103,e7e52a72ed37ecaf9ffaa2fab836b7c2f5539d1f,NOASSERTION,NOASSERTION,unchanged upstream baseline,not release-cleared
krita/data/patterns/DITH_3232_CSTR.pat,5b3f9866b05e904b66376413fc72080e446032feaa4601aedcbc1564bb25f72e,1073,e7e52a72ed37ecaf9ffaa2fab836b7c2f5539d1f,NOASSERTION,NOASSERTION,unchanged upstream baseline,not release-cleared
krita/data/patterns/Grid01.pat,7efe360765dc58b7040cfe40a9458f8293ae9adb0e5109686c0962fcfb394fc8,349,e7e52a72ed37ecaf9ffaa2fab836b7c2f5539d1f,NOASSERTION,NOASSERTION,unchanged upstream baseline,not release-cleared
krita/data/patterns/Grid02.pat,3908f903148c6fa4b3d9ccb0f42e5a41bdd327147a1502eaf40d9f08d6da1481,345,e7e52a72ed37ecaf9ffaa2fab836b7c2f5539d1f,NOASSERTION,NOASSERTION,unchanged upstream baseline,not release-cleared
krita/data/patterns/Grid03.pat,9115051b5754c4a3658d556056fda8bd2cf1c5d897dcb29f6751fb589e33fcb4,601,e7e52a72ed37ecaf9ffaa2fab836b7c2f5539d1f,NOASSERTION,NOASSERTION,unchanged upstream baseline,not release-cleared
krita/data/patterns/Grid04.pat,eb047dd9b2d29de10d9081e76f82dd005b4fb4e5a7198b2956c5cc78da0a75be,601,e7e52a72ed37ecaf9ffaa2fab836b7c2f5539d1f,NOASSERTION,NOASSERTION,unchanged upstream baseline,not release-cleared
krita/data/patterns/Grid05.pat,0e2b4b1cd7a367014c13ab9025cb4b1fcce113b7143af13f4d644656b3be2fb5,421,e7e52a72ed37ecaf9ffaa2fab836b7c2f5539d1f,NOASSERTION,NOASSERTION,unchanged upstream baseline,not release-cleared
krita/data/patterns/HR_PastelPaper_02.pat,2897c44fe1990a8605cea264ce4ac1e175e94b6f37f39c0ac14a8a9f2eefb218,786475,e7e52a72ed37ecaf9ffaa2fab836b7c2f5539d1f,NOASSERTION,NOASSERTION,unchanged upstream baseline,not release-cleared
krita/data/patterns/HR_Wall_Paper.pat,f7184c74d903044ac8d6a800464a027864edfb25d014c6601ff9fde3ce58608e,786470,e7e52a72ed37ecaf9ffaa2fab836b7c2f5539d1f,NOASSERTION,NOASSERTION,unchanged upstream baseline,not release-cleared
krita/data/patterns/Maze_lines.png,e18291b4297202a1d6e40af443e59899dc0b8cb50038c6bf65c1dbfec061dd84,20045,e7e52a72ed37ecaf9ffaa2fab836b7c2f5539d1f,NOASSERTION,NOASSERTION,unchanged upstream baseline,not release-cleared
krita/data/patterns/Pattern01.pat,4f36c2a5c7eaecb4a5a3fae5c893e01807352a7db45c3357da8b5721737d0320,349,e7e52a72ed37ecaf9ffaa2fab836b7c2f5539d1f,NOASSERTION,NOASSERTION,unchanged upstream baseline,not release-cleared
krita/data/patterns/Pattern02.pat,7b2cd62b730d2b73a36335371a9d871de43374f5d6bcaec7094c24629be99067,221,e7e52a72ed37ecaf9ffaa2fab836b7c2f5539d1f,NOASSERTION,NOASSERTION,unchanged upstream baseline,not release-cleared
krita/data/patterns/Pattern03.pat,154685a00f45f10beab227ec91e0370125bb9d23c364929fb24334da969c7cd3,601,e7e52a72ed37ecaf9ffaa2fab836b7c2f5539d1f,NOASSERTION,NOASSERTION,unchanged upstream baseline,not release-cleared
krita/data/patterns/Pattern04.pat,0eb986474abacf6a6da5e4d14b39c606d6d4038367e4cce56c1425b9dbc5f31c,601,e7e52a72ed37ecaf9ffaa2fab836b7c2f5539d1f,NOASSERTION,NOASSERTION,unchanged upstream baseline,not release-cleared
krita/data/patterns/Pattern05.pat,d4e5a7936966b0e0ec83d7d98f054b593ea37d68a0ff6802c1edcc371a9dfd48,1321,e7e52a72ed37ecaf9ffaa2fab836b7c2f5539d1f,NOASSERTION,NOASSERTION,unchanged upstream baseline,not release-cleared
krita/data/patterns/Pattern06.pat,ac4c7dcd7526513f7778da73164bacd09dd77a0591aa6a527000c51f847e9ab7,1625,e7e52a72ed37ecaf9ffaa2fab836b7c2f5539d1f,NOASSERTION,NOASSERTION,unchanged upstream baseline,not release-cleared
krita/data/patterns/Rough_Paper.png,0d371b933f1d92111259094769414c3b92b8ebb1b3d753bd150e20142a1fbd84,315793,e7e52a72ed37ecaf9ffaa2fab836b7c2f5539d1f,NOASSERTION,NOASSERTION,unchanged upstream baseline,not release-cleared
krita/data/patterns/Rough_Wall_With_Impasto.png,0ce1010caafab0314ed91aa5ee958bce327a72c4a5f191f92101e034c8bde094,367034,e7e52a72ed37ecaf9ffaa2fab836b7c2f5539d1f,NOASSERTION,NOASSERTION,unchanged upstream baseline,not release-cleared
krita/data/patterns/Sand_fine.png,a775f82b1ef2490a11c21391d05ab7fc3a9d4d7dc21426d9cd4a3151f5e033ac,288852,e7e52a72ed37ecaf9ffaa2fab836b7c2f5539d1f,NOASSERTION,NOASSERTION,unchanged upstream baseline,not release-cleared
krita/data/patterns/Squares01.pat,bc8fbc2176080332dbac0aa0ef74ca5558d4b77a2afa43061d3e8c80f0c661a7,349,e7e52a72ed37ecaf9ffaa2fab836b7c2f5539d1f,NOASSERTION,NOASSERTION,unchanged upstream baseline,not release-cleared
krita/data/patterns/Squares02.pat,64b5e84d1bb45843811fae57a26b58176798159a3b94e62cb16d0c741c69a5bc,281,e7e52a72ed37ecaf9ffaa2fab836b7c2f5539d1f,NOASSERTION,NOASSERTION,unchanged upstream baseline,not release-cleared
krita/data/patterns/Squares03.pat,d70b190cfe9204b3a0407b8acfd809d3db6fd9fa39b401c81ffafc584b587553,1625,e7e52a72ed37ecaf9ffaa2fab836b7c2f5539d1f,NOASSERTION,NOASSERTION,unchanged upstream baseline,not release-cleared
krita/data/patterns/Squares04.pat,56659a1cc359b56292d2fe57fb17b8905cc16e4b630cf0059eee55c36d6a3f09,1625,e7e52a72ed37ecaf9ffaa2fab836b7c2f5539d1f,NOASSERTION,NOASSERTION,unchanged upstream baseline,not release-cleared
krita/data/patterns/Squares05.pat,cd06069f233f9f16ad47bca4bad5847ccd7dfc88af769db94c64309b3112434b,345,e7e52a72ed37ecaf9ffaa2fab836b7c2f5539d1f,NOASSERTION,NOASSERTION,unchanged upstream baseline,not release-cleared
krita/data/patterns/Squares06.pat,6748b76810b7dbcae35c9bf3950a62bafb2985a8fbdf09399fc0e4a3741bc86a,1321,e7e52a72ed37ecaf9ffaa2fab836b7c2f5539d1f,NOASSERTION,NOASSERTION,unchanged upstream baseline,not release-cleared
krita/data/patterns/Squares07.pat,676aa1805506f6c2e72d7a62f4239a5e1671397940d8386b930bb627fe773114,1321,e7e52a72ed37ecaf9ffaa2fab836b7c2f5539d1f,NOASSERTION,NOASSERTION,unchanged upstream baseline,not release-cleared
krita/data/patterns/Squares08.pat,e5a097f43dfd2834ff73a6da62bf76fbd78d19d5a1b91262fd3f58d9aacfe6df,281,e7e52a72ed37ecaf9ffaa2fab836b7c2f5539d1f,NOASSERTION,NOASSERTION,unchanged upstream baseline,not release-cleared
krita/data/patterns/Squares09.pat,9954d4032c399d780496a8741a604047e35e36cb479cd14e5377bb6c7e5be023,1537,e7e52a72ed37ecaf9ffaa2fab836b7c2f5539d1f,NOASSERTION,NOASSERTION,unchanged upstream baseline,not release-cleared
krita/data/patterns/Squares10.pat,5064c04abdfddeb1657ce0908b120dfb39711ab86637677698d5b398cbc99100,925,e7e52a72ed37ecaf9ffaa2fab836b7c2f5539d1f,NOASSERTION,NOASSERTION,unchanged upstream baseline,not release-cleared
krita/data/patterns/Stars_Sized.png,e1d3b97cc8196a34c11996f6e0a65a2257333822642f0f04b91a2bdf9fe0d3ae,38463,e7e52a72ed37ecaf9ffaa2fab836b7c2f5539d1f,NOASSERTION,NOASSERTION,unchanged upstream baseline,not release-cleared
krita/data/patterns/Stripes02.pat,488c80ee60bf7d0d1ac5e525deaf8bc55a4281e89ebdaf4154df62ccfb273d33,385,e7e52a72ed37ecaf9ffaa2fab836b7c2f5539d1f,NOASSERTION,NOASSERTION,unchanged upstream baseline,not release-cleared
krita/data/patterns/Stripes03.pat,e5d75a523359217d965394440e523b6aae06f98639f37b9217d4acb1617c25aa,349,e7e52a72ed37ecaf9ffaa2fab836b7c2f5539d1f,NOASSERTION,NOASSERTION,unchanged upstream baseline,not release-cleared
krita/data/patterns/Stripes04.pat,babf2d624729c01c37b5c7524cca27b93309c1175cb3a5a1d8abf540a59462a7,349,e7e52a72ed37ecaf9ffaa2fab836b7c2f5539d1f,NOASSERTION,NOASSERTION,unchanged upstream baseline,not release-cleared
krita/data/patterns/Stripes05.pat,a4707364f92d2bd16dc9377915014ede53211c9d8fdef4bae89db4ffbf4f4f68,601,e7e52a72ed37ecaf9ffaa2fab836b7c2f5539d1f,NOASSERTION,NOASSERTION,unchanged upstream baseline,not release-cleared
krita/data/patterns/Stripes06.pat,2941d33ceee8a744beb25e7734944cc4a1d8824035cf95f83e387860e3a8626c,601,e7e52a72ed37ecaf9ffaa2fab836b7c2f5539d1f,NOASSERTION,NOASSERTION,unchanged upstream baseline,not release-cleared
krita/data/patterns/Stripes07.pat,fd47f885e9ae29a5e46732797c41af35a866254c78d7c4e39518f2630778ee7e,3161,e7e52a72ed37ecaf9ffaa2fab836b7c2f5539d1f,NOASSERTION,NOASSERTION,unchanged upstream baseline,not release-cleared
krita/data/patterns/Stripes08.pat,8bdaefd9a966eb8bd90782d2be7fd1e8312c9d52bf07269ff30ed2b11ec5cb9a,10025,e7e52a72ed37ecaf9ffaa2fab836b7c2f5539d1f,NOASSERTION,NOASSERTION,unchanged upstream baseline,not release-cleared
krita/data/patterns/Stripes09.pat,1d80e5ad866a26ed043ad0b31d901db5ff8628668d41ef82e75a00e66b850834,10025,e7e52a72ed37ecaf9ffaa2fab836b7c2f5539d1f,NOASSERTION,NOASSERTION,unchanged upstream baseline,not release-cleared
krita/data/patterns/Zigzag01.pat,bf0dac4e3a4baa8ab8c8bcdaa096c2efbf92335a11c4973c8320c82a7e399424,313,e7e52a72ed37ecaf9ffaa2fab836b7c2f5539d1f,NOASSERTION,NOASSERTION,unchanged upstream baseline,not release-cleared
krita/data/patterns/Zigzag02.pat,f9351f411cd9f24d02707cc088454414714a0f2259bc60ce8cfc94a62c4aaeaf,457,e7e52a72ed37ecaf9ffaa2fab836b7c2f5539d1f,NOASSERTION,NOASSERTION,unchanged upstream baseline,not release-cleared
krita/data/patterns/Zigzag03.pat,03870fa68b81982b579b331805a708561be849ac50dd2b08b601439d230f1fe5,1105,e7e52a72ed37ecaf9ffaa2fab836b7c2f5539d1f,NOASSERTION,NOASSERTION,unchanged upstream baseline,not release-cleared
krita/data/patterns/Zigzag04.pat,0b9acb6c8fc204ad79804a2a12f861ae493f0bdb4af010c735918d5d831921ba,1105,e7e52a72ed37ecaf9ffaa2fab836b7c2f5539d1f,NOASSERTION,NOASSERTION,unchanged upstream baseline,not release-cleared
krita/data/patterns/dith_license.txt,36c3a6adcdcfa47f7dfb9584962fac7d662fd30b3fcfc8b3c315dd7fa9d7fd84,20812,e7e52a72ed37ecaf9ffaa2fab836b7c2f5539d1f,NOASSERTION,NOASSERTION,unchanged upstream baseline,not release-cleared
krita/data/patterns/fractal_pattern.pat,f18773acce27807d68ba140d5ab9c850ef80e9b86e929074b3b0c78c565a79c9,65576,e7e52a72ed37ecaf9ffaa2fab836b7c2f5539d1f,NOASSERTION,NOASSERTION,unchanged upstream baseline,not release-cleared
krita/data/patterns/generic_paper1.pat,819e81ab4bb7fd17a6b70b889b8ac342b046b3cfc564593f1b308ea29562499a,16424,e7e52a72ed37ecaf9ffaa2fab836b7c2f5539d1f,NOASSERTION,NOASSERTION,unchanged upstream baseline,not release-cleared
krita/data/patterns/generic_paper2.pat,7103bcc94ecc1594a731d3986f710040e70765a209e32defc862d50f32b12a89,16424,e7e52a72ed37ecaf9ffaa2fab836b7c2f5539d1f,NOASSERTION,NOASSERTION,unchanged upstream baseline,not release-cleared
krita/data/patterns/hexacolBW__2.pat,25e02c9e7c9fef94bc3d239f4d94cec9861c4737173de8e1d75321b3525f875f,23725,e7e52a72ed37ecaf9ffaa2fab836b7c2f5539d1f,NOASSERTION,NOASSERTION,unchanged upstream baseline,not release-cleared
krita/data/predefined_image_sizes/A1__300_ppi_.predefinedimage,070bfe494ccc5672b00c55d4baa8567dcf8791307c3168c30c4f3402ef7a09a3,261,e7e52a72ed37ecaf9ffaa2fab836b7c2f5539d1f,NOASSERTION,NOASSERTION,unchanged upstream baseline,not release-cleared
krita/data/predefined_image_sizes/A1__600_ppi_.predefinedimage,a8fac325949bbbc6060ee8e7a3f732c61f3bb70a000bb3b6e104dde524013e9d,263,e7e52a72ed37ecaf9ffaa2fab836b7c2f5539d1f,NOASSERTION,NOASSERTION,unchanged upstream baseline,not release-cleared
krita/data/predefined_image_sizes/A2__300_ppi_.predefinedimage,af4fb54c8e04b112ebf6bf2ec14fead22ec29b96ba0779a4748f56fb6cbec282,261,e7e52a72ed37ecaf9ffaa2fab836b7c2f5539d1f,NOASSERTION,NOASSERTION,unchanged upstream baseline,not release-cleared
krita/data/predefined_image_sizes/A2__600_ppi_.predefinedimage,059cde7abdef27ee715b407f238c7cb76edff2c88d5306413b226922de02b987,262,e7e52a72ed37ecaf9ffaa2fab836b7c2f5539d1f,NOASSERTION,NOASSERTION,unchanged upstream baseline,not release-cleared
krita/data/predefined_image_sizes/A3__300_ppi_.predefinedimage,fb46f214825e18395a66eaa036cd1139a996cebee45d2848831fe69f011fd9a0,261,e7e52a72ed37ecaf9ffaa2fab836b7c2f5539d1f,NOASSERTION,NOASSERTION,unchanged upstream baseline,not release-cleared
krita/data/predefined_image_sizes/A3__600_ppi_.predefinedimage,5b4936c2cf36c0a344aaa6b6fc52836bc0ae71ae3d6e09e191e3695d84329fec,261,e7e52a72ed37ecaf9ffaa2fab836b7c2f5539d1f,NOASSERTION,NOASSERTION,unchanged upstream baseline,not release-cleared
krita/data/predefined_image_sizes/A4__300_ppi_.predefinedimage,f0f5feb3434e06b453190f0d9d8cd979e7d5e34fa7526093fdd249476da64a8c,261,e7e52a72ed37ecaf9ffaa2fab836b7c2f5539d1f,NOASSERTION,NOASSERTION,unchanged upstream baseline,not release-cleared
krita/data/predefined_image_sizes/A4__600_ppi_.predefinedimage,ed938772f0e9f9ad67a4c723c23d71b06b9dc119ae40543804b3787ff63a2cba,261,e7e52a72ed37ecaf9ffaa2fab836b7c2f5539d1f,NOASSERTION,NOASSERTION,unchanged upstream baseline,not release-cleared
krita/data/predefined_image_sizes/A5__300_ppi_.predefinedimage,92fbe98e6d30fb638d5b24c470938e11ae237bb5c67473a5ed182a7221d60834,261,e7e52a72ed37ecaf9ffaa2fab836b7c2f5539d1f,NOASSERTION,NOASSERTION,unchanged upstream baseline,not release-cleared
krita/data/predefined_image_sizes/A5__600_ppi_.predefinedimage,3079b2f4196c7cd42e080c1d97748186a2b70b4dcbbbc4aa6b8627dc755c1219,261,e7e52a72ed37ecaf9ffaa2fab836b7c2f5539d1f,NOASSERTION,NOASSERTION,unchanged upstream baseline,not release-cleared
krita/data/predefined_image_sizes/A6__300_ppi_.predefinedimage,1ae7471a081f6da9021b32dbe55d7075dc1d4525549de8f4fe49eabe24104181,261,e7e52a72ed37ecaf9ffaa2fab836b7c2f5539d1f,NOASSERTION,NOASSERTION,unchanged upstream baseline,not release-cleared
krita/data/predefined_image_sizes/A6__600_ppi_.predefinedimage,f72cab06cae23d3a0ca9b5d54e66c13d8b15475e3cb14c65339f8341316030fb,261,e7e52a72ed37ecaf9ffaa2fab836b7c2f5539d1f,NOASSERTION,NOASSERTION,unchanged upstream baseline,not release-cleared
krita/data/predefined_image_sizes/CMakeLists.txt,f28fee59c25e76e4507c7e3fcae75e3f8b93d649c379b705c9bbaa02e669ebea,871,e7e52a72ed37ecaf9ffaa2fab836b7c2f5539d1f,NOASSERTION,NOASSERTION,unchanged upstream baseline,not release-cleared
krita/data/predefined_image_sizes/Film_16_9_4K.predefinedimage,0c2122edd33799dc55d92ae418fdcac8972ae58ac04c00a675b60481fbbd531e,355,e7e52a72ed37ecaf9ffaa2fab836b7c2f5539d1f,NOASSERTION,NOASSERTION,unchanged upstream baseline,not release-cleared
krita/data/predefined_image_sizes/Film_4_3_4K.predefinedimage,d5a0a7b30183665a61aeac48414a4f5075182842dcfba20b16727688c0c96c26,354,e7e52a72ed37ecaf9ffaa2fab836b7c2f5539d1f,NOASSERTION,NOASSERTION,unchanged upstream baseline,not release-cleared
krita/data/predefined_image_sizes/Film_64_27_4K_Wide.predefinedimage,da43e2c91b739f56b29700978385a37df3cdd76b102e85b285c86affdac53a83,360,e7e52a72ed37ecaf9ffaa2fab836b7c2f5539d1f,NOASSERTION,NOASSERTION,unchanged upstream baseline,not release-cleared
krita/data/predefined_image_sizes/Pixel_240x256.predefinedimage,43b7ab9c078e174229507175d912c7fcce712823e02f25bf7ef541b9cc5fd3ec,354,e7e52a72ed37ecaf9ffaa2fab836b7c2f5539d1f,NOASSERTION,NOASSERTION,unchanged upstream baseline,not release-cleared
krita/data/predefined_image_sizes/Texture_1024x1024.predefinedimage,33ea226578a21cf21fc45d73458d79ca314d168949f27c5edcbe8f0bf47720e5,360,e7e52a72ed37ecaf9ffaa2fab836b7c2f5539d1f,NOASSERTION,NOASSERTION,unchanged upstream baseline,not release-cleared
krita/data/predefined_image_sizes/Texture_2048x2048.predefinedimage,bdbbd369892324c6ccc96fb83e9927b0e0f855b497affbd07ec4b1601697c2ed,360,e7e52a72ed37ecaf9ffaa2fab836b7c2f5539d1f,NOASSERTION,NOASSERTION,unchanged upstream baseline,not release-cleared
krita/data/predefined_image_sizes/Texture_256x256.predefinedimage,e5ba1650e71a5d07cccecabfa974fcaa10779a4c8f093a4dad0be0c0874ae8c1,356,e7e52a72ed37ecaf9ffaa2fab836b7c2f5539d1f,NOASSERTION,NOASSERTION,unchanged upstream baseline,not release-cleared
krita/data/predefined_image_sizes/Texture_4096x4096.predefinedimage,8b4c700da6d6754b269ee2f251e60d05a9c7798f451ac4157d6e7d1982051367,360,e7e52a72ed37ecaf9ffaa2fab836b7c2f5539d1f,NOASSERTION,NOASSERTION,unchanged upstream baseline,not release-cleared
krita/data/predefined_image_sizes/Texture_512x512.predefinedimage,3774ce38284ab5b2cce81fd6fce04668b6f66890f30021d0359c2cb8e57e9de4,356,e7e52a72ed37ecaf9ffaa2fab836b7c2f5539d1f,NOASSERTION,NOASSERTION,unchanged upstream baseline,not release-cleared
krita/data/predefined_image_sizes/US_Legal__300_ppi_.predefinedimage,e9757fd7e45f59c60174c232a9c55e4ae7e57a72d5125234227c066411661d79,267,e7e52a72ed37ecaf9ffaa2fab836b7c2f5539d1f,NOASSERTION,NOASSERTION,unchanged upstream baseline,not release-cleared
krita/data/predefined_image_sizes/US_Letter__300_ppi_.predefinedimage,ec791265e3e459f856700cf84764e4614008b7cde4c9caa6438342d728e45473,268,e7e52a72ed37ecaf9ffaa2fab836b7c2f5539d1f,NOASSERTION,NOASSERTION,unchanged upstream baseline,not release-cleared
krita/data/predefined_image_sizes/US_Tabloid__300_ppi_.predefinedimage,67400c67f19f0dbb691a1df6757318a1702d9dcb65c2ccd13f67ba5550699ae6,269,e7e52a72ed37ecaf9ffaa2fab836b7c2f5539d1f,NOASSERTION,NOASSERTION,unchanged upstream baseline,not release-cleared
krita/data/preset_icons/CMakeLists.txt,80712398557af14d64402b5bd215d6119fcf6cb57e069872e00153b1cc74eb01,192,e7e52a72ed37ecaf9ffaa2fab836b7c2f5539d1f,NOASSERTION,NOASSERTION,unchanged upstream baseline,not release-cleared
krita/data/preset_icons/background.png,238e7fc06029cd0f6eaa621d9aee1c8c0345b0645dc841d31dc4df8cae470bdb,1511,e7e52a72ed37ecaf9ffaa2fab836b7c2f5539d1f,NOASSERTION,NOASSERTION,unchanged upstream baseline,not release-cleared
krita/data/preset_icons/emblem_icons/CMakeLists.txt,24f1a7a3514743ecc3fea1bf121bf81d408100f4c2141bb57c801d7f593d1292,481,e7e52a72ed37ecaf9ffaa2fab836b7c2f5539d1f,NOASSERTION,NOASSERTION,unchanged upstream baseline,not release-cleared
krita/data/preset_icons/emblem_icons/addition.png,b51b780677f867458585286a0d08a1f0bcbc1636933f7b3fcbf1757e66ec0a93,255,e7e52a72ed37ecaf9ffaa2fab836b7c2f5539d1f,NOASSERTION,NOASSERTION,unchanged upstream baseline,not release-cleared
krita/data/preset_icons/emblem_icons/color.png,bad1f287b6a96cfd30ae73918562e57d74bc86cb838c2a5bcef195851b120fa3,1433,e7e52a72ed37ecaf9ffaa2fab836b7c2f5539d1f,NOASSERTION,NOASSERTION,unchanged upstream baseline,not release-cleared
krita/data/preset_icons/emblem_icons/comic.png,d13f7325efcec7d701a2ce05294c11f642d76c4f62bbcf75e71649207eb419f9,563,e7e52a72ed37ecaf9ffaa2fab836b7c2f5539d1f,NOASSERTION,NOASSERTION,unchanged upstream baseline,not release-cleared
krita/data/preset_icons/emblem_icons/edit-pen.png,91dbb9b382936c8a86d8b96b850ca80fc075c25f6187ccbf24e3ff3d60c70e11,801,e7e52a72ed37ecaf9ffaa2fab836b7c2f5539d1f,NOASSERTION,NOASSERTION,unchanged upstream baseline,not release-cleared
krita/data/preset_icons/emblem_icons/emblem_angle_10.png,7e0f85bba0d3cd7b64d0ad161350647894b13f9113a5c2e71df564e489c9c993,2195,e7e52a72ed37ecaf9ffaa2fab836b7c2f5539d1f,NOASSERTION,NOASSERTION,unchanged upstream baseline,not release-cleared
krita/data/preset_icons/emblem_icons/emblem_angle_15.png,b3ab8605543fa6266eb8efc88c9ce583906f97836f1d585c9f007c199b68f680,2114,e7e52a72ed37ecaf9ffaa2fab836b7c2f5539d1f,NOASSERTION,NOASSERTION,unchanged upstream baseline,not release-cleared
krita/data/preset_icons/emblem_icons/emblem_angle_30.png,e1b17aa47df192c76781f5549fe4df452aafab6c95c64b8eaeedbd615eb1a7a0,2487,e7e52a72ed37ecaf9ffaa2fab836b7c2f5539d1f,NOASSERTION,NOASSERTION,unchanged upstream baseline,not release-cleared
krita/data/preset_icons/emblem_icons/emblem_angle_45.png,1d5150f86c78bd0d2517e94c56cf47becbe7d01777ab03b10873a523e4627f42,2242,e7e52a72ed37ecaf9ffaa2fab836b7c2f5539d1f,NOASSERTION,NOASSERTION,unchanged upstream baseline,not release-cleared
krita/data/preset_icons/emblem_icons/emblem_angle_60.png,dbabc9f25977a6bae59c69a80ee895a808006d3f31dfb70b0955aa183063889f,2553,e7e52a72ed37ecaf9ffaa2fab836b7c2f5539d1f,NOASSERTION,NOASSERTION,unchanged upstream baseline,not release-cleared
krita/data/preset_icons/emblem_icons/emblem_angle_75.png,b70ab8130bf5d81d409a63854787b8e97633104bb1d1dabcc0205144d5c74d53,2242,e7e52a72ed37ecaf9ffaa2fab836b7c2f5539d1f,NOASSERTION,NOASSERTION,unchanged upstream baseline,not release-cleared
krita/data/preset_icons/emblem_icons/emblem_angle_90.png,b9131fd97d02633aadef721caed2fc42a95a8d356d0820a3d2f07178ffae10aa,2559,e7e52a72ed37ecaf9ffaa2fab836b7c2f5539d1f,NOASSERTION,NOASSERTION,unchanged upstream baseline,not release-cleared
krita/data/preset_icons/emblem_icons/emblem_rotation.png,382aa482b634a4e2bb92f922d9c89f8db3c323a4d94d38fd7d0d75fcaccae5f5,827,e7e52a72ed37ecaf9ffaa2fab836b7c2f5539d1f,NOASSERTION,NOASSERTION,unchanged upstream baseline,not release-cleared
krita/data/preset_icons/emblem_icons/emblem_tilt.png,71f5a100ded7c0a7376dded4a7c4b0e4404e83379082819f5c1fc62bbf19bf4b,3601,e7e52a72ed37ecaf9ffaa2fab836b7c2f5539d1f,NOASSERTION,NOASSERTION,unchanged upstream baseline,not release-cleared
krita/data/preset_icons/emblem_icons/experimental.png,080fcf89acf232d41d507140cd5b07f12ac3fcae3f9cae67118209352f1793ca,3861,e7e52a72ed37ecaf9ffaa2fab836b7c2f5539d1f,NOASSERTION,NOASSERTION,unchanged upstream baseline,not release-cleared
krita/data/preset_icons/emblem_icons/favorite.png,cb2cc8e1317eef0fd5e85eda6dc96c69e3e05a13265348ca3d6845eaa1fc2264,4131,e7e52a72ed37ecaf9ffaa2fab836b7c2f5539d1f,NOASSERTION,NOASSERTION,unchanged upstream baseline,not release-cleared
krita/data/preset_icons/emblem_icons/love.png,fb46b30124be5f87bdd080b055eaa1e9b7a6a414cecb9c050b2eddf9314febb3,2801,e7e52a72ed37ecaf9ffaa2fab836b7c2f5539d1f,NOASSERTION,NOASSERTION,unchanged upstream baseline,not release-cleared
krita/data/preset_icons/emblem_icons/mechanical.png,0f7096b6a461eeabdd68a68e08599ed51a462df5809aed0d0a7d02be2cb600f9,1503,e7e52a72ed37ecaf9ffaa2fab836b7c2f5539d1f,NOASSERTION,NOASSERTION,unchanged upstream baseline,not release-cleared
krita/data/preset_icons/emblem_icons/mouse.png,21124dbc89ff2a2608afb424370caacf8d8cc5584db73ae5fd03b53cde8264eb,995,e7e52a72ed37ecaf9ffaa2fab836b7c2f5539d1f,NOASSERTION,NOASSERTION,unchanged upstream baseline,not release-cleared
krita/data/preset_icons/emblem_icons/multidirection.png,94b4131260cd02628898ed29b3de69f553e05b5b937643b72c7fa32815515c03,3633,e7e52a72ed37ecaf9ffaa2fab836b7c2f5539d1f,NOASSERTION,NOASSERTION,unchanged upstream baseline,not release-cleared
krita/data/preset_icons/emblem_icons/question.png,af4cfdc8f9c1af6e8d62c2be1931fc488a28585016ccb74712d87f9e33513e52,589,e7e52a72ed37ecaf9ffaa2fab836b7c2f5539d1f,NOASSERTION,NOASSERTION,unchanged upstream baseline,not release-cleared
krita/data/preset_icons/emblem_icons/sketch.png,9dfd95c89618e5f73ae58eb6e2e23f985e3c9a1723639775d4e5895277e628a2,1812,e7e52a72ed37ecaf9ffaa2fab836b7c2f5539d1f,NOASSERTION,NOASSERTION,unchanged upstream baseline,not release-cleared
krita/data/preset_icons/emblem_icons/wet.png,67cac3423f6ca3644427040557e02e631652dfab6603bf183619a95da9260174,3988,e7e52a72ed37ecaf9ffaa2fab836b7c2f5539d1f,NOASSERTION,NOASSERTION,unchanged upstream baseline,not release-cleared
krita/data/preset_icons/emblem_icons/whirlpool.png,8f4f92edbe05a5e946a343ea0c8c4238868704f049db27d7626b9f90be183363,8624,e7e52a72ed37ecaf9ffaa2fab836b7c2f5539d1f,NOASSERTION,NOASSERTION,unchanged upstream baseline,not release-cleared
krita/data/preset_icons/tool_icons/00_01_eraser-mechanical.png,650bd35e78b1312beebab3dce510ae3efefc709639cbd5c77a00d1592c809311,33119,e7e52a72ed37ecaf9ffaa2fab836b7c2f5539d1f,NOASSERTION,NOASSERTION,unchanged upstream baseline,not release-cleared
krita/data/preset_icons/tool_icons/00_02_eraser-large.png,925d400b38cde4e4870e96bf01ae4536299942712deade018b41984022656d44,22075,e7e52a72ed37ecaf9ffaa2fab836b7c2f5539d1f,NOASSERTION,NOASSERTION,unchanged upstream baseline,not release-cleared
krita/data/preset_icons/tool_icons/00_03_eraser-hard.png,b91a5f60557394b3e671d2552e2512db24d97e46577a75b9693c85e842ecef3f,12668,e7e52a72ed37ecaf9ffaa2fab836b7c2f5539d1f,NOASSERTION,NOASSERTION,unchanged upstream baseline,not release-cleared
krita/data/preset_icons/tool_icons/00_04_eraser-kneaded.png,5fad32de0bb91c721bfc30dc400b16bd1e1a158d4be9522cf9ef3a18f4d24d09,30659,e7e52a72ed37ecaf9ffaa2fab836b7c2f5539d1f,NOASSERTION,NOASSERTION,unchanged upstream baseline,not release-cleared
krita/data/preset_icons/tool_icons/01_01_mechanical-pencil.png,a4e7550227dc34d83e23f9a3c1d2d438c148206a272763d4f07b9b0c71b83918,23384,e7e52a72ed37ecaf9ffaa2fab836b7c2f5539d1f,NOASSERTION,NOASSERTION,unchanged upstream baseline,not release-cleared
krita/data/preset_icons/tool_icons/01_01_pencil-black-stone.png,b0f67ef723f1a7299fdb8ffcbae3ad5cef3b66ee60e943e4ac48c745e6526300,20879,e7e52a72ed37ecaf9ffaa2fab836b7c2f5539d1f,NOASSERTION,NOASSERTION,unchanged upstream baseline,not release-cleared
krita/data/preset_icons/tool_icons/01_02_pencil-double-ring.png,856d1ecc9ea83939af328579df0cb746c9b964814660539f9b15ddd31095e74c,19629,e7e52a72ed37ecaf9ffaa2fab836b7c2f5539d1f,NOASSERTION,NOASSERTION,unchanged upstream baseline,not release-cleared
krita/data/preset_icons/tool_icons/01_04_graphite.png,bf18df4965ca89d754b92bbe64f56b6bbc02b54d31323396aaa1327fcdecf656,31883,e7e52a72ed37ecaf9ffaa2fab836b7c2f5539d1f,NOASSERTION,NOASSERTION,unchanged upstream baseline,not release-cleared
krita/data/preset_icons/tool_icons/02_01_charcoal-pencil-thin.png,e01b4bfb1219a9621103c947391a86684affa9b8b5e697bb912615c788ee71b2,21795,e7e52a72ed37ecaf9ffaa2fab836b7c2f5539d1f,NOASSERTION,NOASSERTION,unchanged upstream baseline,not release-cleared
krita/data/preset_icons/tool_icons/02_02_charcoal-pencil-medium.png,6a61fe9f75f5cc991841fd93f80ffcf43b354a00b667230874c7a8a556be421b,22751,e7e52a72ed37ecaf9ffaa2fab836b7c2f5539d1f,NOASSERTION,NOASSERTION,unchanged upstream baseline,not release-cleared
krita/data/preset_icons/tool_icons/02_03_charcoal-pencil-large.png,f61779c03edde58056a017f83d7224c0213bc7ab844d0dba9bd19095d0a2dc8d,29544,e7e52a72ed37ecaf9ffaa2fab836b7c2f5539d1f,NOASSERTION,NOASSERTION,unchanged upstream baseline,not release-cleared
krita/data/preset_icons/tool_icons/02_04_charcoal-block.png,d7311b5dce4e5fd297e53d5f33917f5fd00ab0615a1da4a811669689da385c79,18535,e7e52a72ed37ecaf9ffaa2fab836b7c2f5539d1f,NOASSERTION,NOASSERTION,unchanged upstream baseline,not release-cleared
krita/data/preset_icons/tool_icons/03_01colored-pencil.png,4346c44886ae8aff8317509b8875603ad25b86c7aa6714c92066fb788058784b,19924,e7e52a72ed37ecaf9ffaa2fab836b7c2f5539d1f,NOASSERTION,NOASSERTION,unchanged upstream baseline,not release-cleared
krita/data/preset_icons/tool_icons/03_02_chalk-square.png,8ed3b5028a002cdf1d99acad8708aa91ed4dbf35e83e15d0f40818b7d9d437e1,6149,e7e52a72ed37ecaf9ffaa2fab836b7c2f5539d1f,NOASSERTION,NOASSERTION,unchanged upstream baseline,not release-cleared
krita/data/preset_icons/tool_icons/03_03_pastel.png,18c9a143591fd6f4c83ae7fd76f6f6c08bc1de16d0e3c47e6c6cd50a216ab621,31063,e7e52a72ed37ecaf9ffaa2fab836b7c2f5539d1f,NOASSERTION,NOASSERTION,unchanged upstream baseline,not release-cleared
krita/data/preset_icons/tool_icons/04_01_technical-pen.png,879a32075093a67a321356f42a46cabec9074ecd683f274f7bc683ee35638f6d,30461,e7e52a72ed37ecaf9ffaa2fab836b7c2f5539d1f,NOASSERTION,NOASSERTION,unchanged upstream baseline,not release-cleared
krita/data/preset_icons/tool_icons/04_02_gel-pen.png,d516dd6fb280dd05f441c1fdbdef7a8ea32545487f117850f138223de9e3d426,35861,e7e52a72ed37ecaf9ffaa2fab836b7c2f5539d1f,NOASSERTION,NOASSERTION,unchanged upstream baseline,not release-cleared
krita/data/preset_icons/tool_icons/04_03_inking_fine-line_tiny.png,ce4117204311dabfce61e45587a847bd09b3382eddf3048fee9d17b90c4368b2,12752,e7e52a72ed37ecaf9ffaa2fab836b7c2f5539d1f,NOASSERTION,NOASSERTION,unchanged upstream baseline,not release-cleared
krita/data/preset_icons/tool_icons/04_04_inking_fine-line_medium.png,7726d84b28e7c197f441e2ee327fd0c84246862b290768091fda75b46b49155b,13249,e7e52a72ed37ecaf9ffaa2fab836b7c2f5539d1f,NOASSERTION,NOASSERTION,unchanged upstream baseline,not release-cleared
krita/data/preset_icons/tool_icons/04_05_ink-pen-atom.png,835eaff26e04b39d462773c45b341af05f21b33878dfcfbed67fe07eeeb4b28a,18495,e7e52a72ed37ecaf9ffaa2fab836b7c2f5539d1f,NOASSERTION,NOASSERTION,unchanged upstream baseline,not release-cleared
krita/data/preset_icons/tool_icons/04_06_ink-G-pen.png,bdf5c7210081aa96f289f8ba05259dad6abdde996769f53c6d5d987185ffd380,21462,e7e52a72ed37ecaf9ffaa2fab836b7c2f5539d1f,NOASSERTION,NOASSERTION,unchanged upstream baseline,not release-cleared
krita/data/preset_icons/tool_icons/04_07_inking_dynamic_pen.png,43f7313b1a0d9193625541ebed84fde1c607ee4720da4f83f74b848dd4269f32,17060,e7e52a72ed37ecaf9ffaa2fab836b7c2f5539d1f,NOASSERTION,NOASSERTION,unchanged upstream baseline,not release-cleared
krita/data/preset_icons/tool_icons/04_08_inking_dynamic_pen_though.png,5cb85f12c072b94428d039788314ba5eb265f467bff1b58076ae61c20125f742,13393,e7e52a72ed37ecaf9ffaa2fab836b7c2f5539d1f,NOASSERTION,NOASSERTION,unchanged upstream baseline,not release-cleared
krita/data/preset_icons/tool_icons/04_09_inking_pen_bumpy.png,c575a5a2cf07e6ef7187c6413676ea02c090040a0e9b97d173e6160d38cacf7d,13562,e7e52a72ed37ecaf9ffaa2fab836b7c2f5539d1f,NOASSERTION,NOASSERTION,unchanged upstream baseline,not release-cleared
krita/data/preset_icons/tool_icons/04_10_inking_pen_bumpy_though.png,0ce87c9b936c86684280e332ebf2e497208a85321422da67460f76e712c19b23,14240,e7e52a72ed37ecaf9ffaa2fab836b7c2f5539d1f,NOASSERTION,NOASSERTION,unchanged upstream baseline,not release-cleared
krita/data/preset_icons/tool_icons/04_11_inking_pen_calligraphic.png,9f932c9237eb78476a56920666647b8951952d173977cee54ef7d968f9c1e74a,16497,e7e52a72ed37ecaf9ffaa2fab836b7c2f5539d1f,NOASSERTION,NOASSERTION,unchanged upstream baseline,not release-cleared
krita/data/preset_icons/tool_icons/04_12_rigger-brush.png,025c0e44c8d478a98db72cf4a36490675ef6b98e74cf459dc65ddd16ed2c3574,13277,e7e52a72ed37ecaf9ffaa2fab836b7c2f5539d1f,NOASSERTION,NOASSERTION,unchanged upstream baseline,not release-cleared
krita/data/preset_icons/tool_icons/04_13_inking_brush.png,a73a5f65e7ebd3b08e00eda8c993fac0423d2a9bed4f1617596cb2883aa66b86,15951,e7e52a72ed37ecaf9ffaa2fab836b7c2f5539d1f,NOASSERTION,NOASSERTION,unchanged upstream baseline,not release-cleared
krita/data/preset_icons/tool_icons/04_14_inking_brush_blurry.png,0461951e95e1e42a73f8581f4699f01eb8e46f94e4337023954ef722c74a6828,18574,e7e52a72ed37ecaf9ffaa2fab836b7c2f5539d1f,NOASSERTION,NOASSERTION,unchanged upstream baseline,not release-cleared
krita/data/preset_icons/tool_icons/04_15_ink-brush.png,15955c48463bec9b4774721c6b804befe3485d5a2a0990ef746fe34883289bc4,22020,e7e52a72ed37ecaf9ffaa2fab836b7c2f5539d1f,NOASSERTION,NOASSERTION,unchanged upstream baseline,not release-cleared
krita/data/preset_icons/tool_icons/04_16_large-rounded-cut.png,83d8227db2ae1a5bf03c8b25c62bd4a7cc1bcb1f0f9baa3a20e9033267295354,22391,e7e52a72ed37ecaf9ffaa2fab836b7c2f5539d1f,NOASSERTION,NOASSERTION,unchanged upstream baseline,not release-cleared
krita/data/preset_icons/tool_icons/04_17_ink-pen-glass.png,d4f81c142eccee413084b20649173d765f48bcafea191db202b087c27ebe495b,30970,e7e52a72ed37ecaf9ffaa2fab836b7c2f5539d1f,NOASSERTION,NOASSERTION,unchanged upstream baseline,not release-cleared
krita/data/preset_icons/tool_icons/05_01_airbrush.png,a6ec7da4643c9893e2938ad5aa65fd8adb2dc9559dcf7dd7e2e3c5ebaafc1cfd,34971,e7e52a72ed37ecaf9ffaa2fab836b7c2f5539d1f,NOASSERTION,NOASSERTION,unchanged upstream baseline,not release-cleared
krita/data/preset_icons/tool_icons/05_02_thin-stylus-tablet.png,702ecec736449323fb6511a6d90045c6eb8433b140f90e8059569899d8ad4d3c,19427,e7e52a72ed37ecaf9ffaa2fab836b7c2f5539d1f,NOASSERTION,NOASSERTION,unchanged upstream baseline,not release-cleared
krita/data/preset_icons/tool_icons/05_03_stylus-white.png,77841be42ad1dc8c6cc3f7dfb7270ed5db886858803d74881433199e8b99d72b,32973,e7e52a72ed37ecaf9ffaa2fab836b7c2f5539d1f,NOASSERTION,NOASSERTION,unchanged upstream baseline,not release-cleared
krita/data/preset_icons/tool_icons/05_04_stylus.png,7b109ae58492947e8ad0e0fb96e85a8d2c34da28bd4da881d53ea6cfa161a45d,33041,e7e52a72ed37ecaf9ffaa2fab836b7c2f5539d1f,NOASSERTION,NOASSERTION,unchanged upstream baseline,not release-cleared
krita/data/preset_icons/tool_icons/05_05_stylus-colored-ring.png,72bb6a0f852199f46d268280883d531123af15c33a4bd4fef9d45658530171f9,30597,e7e52a72ed37ecaf9ffaa2fab836b7c2f5539d1f,NOASSERTION,NOASSERTION,unchanged upstream baseline,not release-cleared
krita/data/preset_icons/tool_icons/05_06_stylus-colored.png,168035288c7c47302cc9e6cda377b80ccee57135af753be2032cec5a4f052816,22546,e7e52a72ed37ecaf9ffaa2fab836b7c2f5539d1f,NOASSERTION,NOASSERTION,unchanged upstream baseline,not release-cleared
krita/data/preset_icons/tool_icons/05_07_stylus-experimental.png,0a24149c3d12bb23874d16ec5e109954c19e8481dcb18b665f90cc3d9b88e126,34040,e7e52a72ed37ecaf9ffaa2fab836b7c2f5539d1f,NOASSERTION,NOASSERTION,unchanged upstream baseline,not release-cleared
krita/data/preset_icons/tool_icons/06_01_marker.png,6de1299e2ba13081d5c303eff79e8069526788812207841af1b898d405023764,25017,e7e52a72ed37ecaf9ffaa2fab836b7c2f5539d1f,NOASSERTION,NOASSERTION,unchanged upstream baseline,not release-cleared
krita/data/preset_icons/tool_icons/06_02_marker-old.png,4a229e08cbdf9b54c535b310b30c54dc3f299611a52e395a6f804c3d758ee793,26446,e7e52a72ed37ecaf9ffaa2fab836b7c2f5539d1f,NOASSERTION,NOASSERTION,unchanged upstream baseline,not release-cleared
krita/data/preset_icons/tool_icons/06_03_marker-large.png,a94b5464a0cc1050db1e3ba260c0d5c7aead4544655e03e1a846b7dc1ee388df,20730,e7e52a72ed37ecaf9ffaa2fab836b7c2f5539d1f,NOASSERTION,NOASSERTION,unchanged upstream baseline,not release-cleared
krita/data/preset_icons/tool_icons/06_04_round_marker_detail.png,858ccbcdd54e874e109c9f323dc3dd59f7512b8cb303136e2a0aa49b6def836b,14058,e7e52a72ed37ecaf9ffaa2fab836b7c2f5539d1f,NOASSERTION,NOASSERTION,unchanged upstream baseline,not release-cleared
krita/data/preset_icons/tool_icons/06_05_sketching_wide_47.png,91e3e85ff0633ab92c3f13b94e940f72cb6884c9807834118c070b10292ca36f,16771,e7e52a72ed37ecaf9ffaa2fab836b7c2f5539d1f,NOASSERTION,NOASSERTION,unchanged upstream baseline,not release-cleared
krita/data/preset_icons/tool_icons/06_06_sketching_wide_bristles.png,3e39a11275b312dad598c336980d182de3cdcc8f6a2db08bc68af7e68e43ed5a,20481,e7e52a72ed37ecaf9ffaa2fab836b7c2f5539d1f,NOASSERTION,NOASSERTION,unchanged upstream baseline,not release-cleared
krita/data/preset_icons/tool_icons/07_01_synthetic-thin.png,e02be1a8bb67b1ab6be60a40f2739d03c0353bb4722aa21153da6e2f0f0e1012,13640,e7e52a72ed37ecaf9ffaa2fab836b7c2f5539d1f,NOASSERTION,NOASSERTION,unchanged upstream baseline,not release-cleared
krita/data/preset_icons/tool_icons/07_02_synthetic-medium.png,ed4102cb3d83b0ada380dc811988a5f689b6e5fb00ca12d5e23d3424d5bf3756,17872,e7e52a72ed37ecaf9ffaa2fab836b7c2f5539d1f,NOASSERTION,NOASSERTION,unchanged upstream baseline,not release-cleared
krita/data/preset_icons/tool_icons/07_03_synthetic-filbert.png,42568ecd7cc6cd2cd2693c9ba5879745226e3468f78e7a2f758b730c59bdeeed,21463,e7e52a72ed37ecaf9ffaa2fab836b7c2f5539d1f,NOASSERTION,NOASSERTION,unchanged upstream baseline,not release-cleared
krita/data/preset_icons/tool_icons/07_04_synthetic-large-bright.png,2f66279114c995cabec383a72c0179aeb2fbb63d136007cb014bf9ceb6fcb564,39423,e7e52a72ed37ecaf9ffaa2fab836b7c2f5539d1f,NOASSERTION,NOASSERTION,unchanged upstream baseline,not release-cleared
krita/data/preset_icons/tool_icons/07_05_synthetic-large-bright-used.png,a682101664be97708a9a99a2a0e227e739c425f9dc9d1f72b126778eed0eba4f,38276,e7e52a72ed37ecaf9ffaa2fab836b7c2f5539d1f,NOASSERTION,NOASSERTION,unchanged upstream baseline,not release-cleared
krita/data/preset_icons/tool_icons/07_06_oil-filbert.png,ec0223550384382842b468b83c7a111d26c2c536e9bc499a1a0d9fd0e1c0f56b,26747,e7e52a72ed37ecaf9ffaa2fab836b7c2f5539d1f,NOASSERTION,NOASSERTION,unchanged upstream baseline,not release-cleared
krita/data/preset_icons/tool_icons/07_07_oil-flat-large.png,29d77e6c3da8bafcfc1cb7f8c5ed9301f77b4f35687da7816ce60a8a68a9bb43,41575,e7e52a72ed37ecaf9ffaa2fab836b7c2f5539d1f,NOASSERTION,NOASSERTION,unchanged upstream baseline,not release-cleared
krita/data/preset_icons/tool_icons/07_08_acrylic-rounded-used.png,469b2fcf2edfa1c2d85d90657f83fe987593b7ee45d89e0d33cf234eb0407db5,20864,e7e52a72ed37ecaf9ffaa2fab836b7c2f5539d1f,NOASSERTION,NOASSERTION,unchanged upstream baseline,not release-cleared
krita/data/preset_icons/tool_icons/07_09_acrylic-angled.png,bed78ac08bd1a26cd6b55611e6a46948f2356034290cb719126107546195662c,25179,e7e52a72ed37ecaf9ffaa2fab836b7c2f5539d1f,NOASSERTION,NOASSERTION,unchanged upstream baseline,not release-cleared
krita/data/preset_icons/tool_icons/07_10_acrylic-flat.png,17eef8b47f17415ae582c035cda7b46f3f1a8b840fb79cd52fccb3c0da7fe5bd,25364,e7e52a72ed37ecaf9ffaa2fab836b7c2f5539d1f,NOASSERTION,NOASSERTION,unchanged upstream baseline,not release-cleared
krita/data/preset_icons/tool_icons/07_11_acrylic-mop.png,466009cd4ca244bfdc3bb9c8ef3f82ec809e04b839e5494421d6330a04a64b5c,33410,e7e52a72ed37ecaf9ffaa2fab836b7c2f5539d1f,NOASSERTION,NOASSERTION,unchanged upstream baseline,not release-cleared
krita/data/preset_icons/tool_icons/07_12_wide_dull_round.png,cbcaeb8989a7534a851ed7760f62f4a9d1ba6f21a48374a1b46fa2938a7654e2,18075,e7e52a72ed37ecaf9ffaa2fab836b7c2f5539d1f,NOASSERTION,NOASSERTION,unchanged upstream baseline,not release-cleared
krita/data/preset_icons/tool_icons/07_13_wide_brush_blurry.png,a0a886d8b5080d795c52d8ecde6e8fac5f526f9b873bbc2162200907f3eccee0,24056,e7e52a72ed37ecaf9ffaa2fab836b7c2f5539d1f,NOASSERTION,NOASSERTION,unchanged upstream baseline,not release-cleared
krita/data/preset_icons/tool_icons/07_14_watercolor-flat.png,502662bc1d2a64d33568906388242f8397d59cffd60e7524ca6213f4120e982f,21828,e7e52a72ed37ecaf9ffaa2fab836b7c2f5539d1f,NOASSERTION,NOASSERTION,unchanged upstream baseline,not release-cleared
krita/data/preset_icons/tool_icons/07_15_acrylic-fan-used.png,d35a81deed2402a62bf24e818d817402862332a8cb9b228db83569a5bea805a6,27828,e7e52a72ed37ecaf9ffaa2fab836b7c2f5539d1f,NOASSERTION,NOASSERTION,unchanged upstream baseline,not release-cleared
krita/data/preset_icons/tool_icons/07_16_acrylic-flat-old.png,3a129cf480ac94d13ac8f75743ca775239042fb193fb92fad6e484c3753149aa,27965,e7e52a72ed37ecaf9ffaa2fab836b7c2f5539d1f,NOASSERTION,NOASSERTION,unchanged upstream baseline,not release-cleared
krita/data/preset_icons/tool_icons/07_17_synthetic-very-old.png,2acaf0c5e5203362b539550d457441c81f041236cdf6ed5b3611171dd353b49d,29047,e7e52a72ed37ecaf9ffaa2fab836b7c2f5539d1f,NOASSERTION,NOASSERTION,unchanged upstream baseline,not release-cleared
krita/data/preset_icons/tool_icons/07_18_special-effect-used-brush.png,e19beb8303ce7e529eb563fb9ca0e8017c9b02763012bd3f24821a45c74f4052,23429,e7e52a72ed37ecaf9ffaa2fab836b7c2f5539d1f,NOASSERTION,NOASSERTION,unchanged upstream baseline,not release-cleared
krita/data/preset_icons/tool_icons/08_01_watercolor-brush-medium.png,fd19cfc0c68184da0178b6d91743965bb0f6bcd543530fcb5d4273b48426d73a,24046,e7e52a72ed37ecaf9ffaa2fab836b7c2f5539d1f,NOASSERTION,NOASSERTION,unchanged upstream baseline,not release-cleared
krita/data/preset_icons/tool_icons/08_02_oil-round-hard.png,793770663ec5f3ec059d1a8dd2272dd39de58973fe8b625b550a3b56b198de4d,26977,e7e52a72ed37ecaf9ffaa2fab836b7c2f5539d1f,NOASSERTION,NOASSERTION,unchanged upstream baseline,not release-cleared
krita/data/preset_icons/tool_icons/08_03_sumi-e.png,966c6e826b5f81937d3a7b535f2f78e0322e0b5228de750bccbc9c9d733335a2,34929,e7e52a72ed37ecaf9ffaa2fab836b7c2f5539d1f,NOASSERTION,NOASSERTION,unchanged upstream baseline,not release-cleared
krita/data/preset_icons/tool_icons/08_04_wide_brush_big.png,689191efc3b2f42d4ce6da3aa2c6e98dd5444c1cd84dfa036c4d5a53ac935cff,36817,e7e52a72ed37ecaf9ffaa2fab836b7c2f5539d1f,NOASSERTION,NOASSERTION,unchanged upstream baseline,not release-cleared
krita/data/preset_icons/tool_icons/09_01_blending-stump.png,4ddba3070b02c0b4e454f86f7c1558bc12e72d52701238f3246cf3e00c95c357,21270,e7e52a72ed37ecaf9ffaa2fab836b7c2f5539d1f,NOASSERTION,NOASSERTION,unchanged upstream baseline,not release-cleared
krita/data/preset_icons/tool_icons/09_02_blur_soft.png,d9e2b560272b2fbed8dd610d71d9b3b7239a6e8e88d553007b50f0e5aed278e3,19052,e7e52a72ed37ecaf9ffaa2fab836b7c2f5539d1f,NOASSERTION,NOASSERTION,unchanged upstream baseline,not release-cleared
krita/data/preset_icons/tool_icons/09_03_knife.png,d6807ae0b23560d507f1f102c6dd712d80fd26c57948ab8bf571c26b2552331c,19063,e7e52a72ed37ecaf9ffaa2fab836b7c2f5539d1f,NOASSERTION,NOASSERTION,unchanged upstream baseline,not release-cleared
krita/data/preset_icons/tool_icons/09_04_knife-rake.png,1a29238f4d5ac68248c520945e1bd75889bd7820e87e9d0dce16d0a2e74591d7,17892,e7e52a72ed37ecaf9ffaa2fab836b7c2f5539d1f,NOASSERTION,NOASSERTION,unchanged upstream baseline,not release-cleared
krita/data/preset_icons/tool_icons/09_05_paint-roller.png,1edb230c755f6479c7a365d1dd5686f7dfccf2566d43d66fa490e9c86fd16cfb,23376,e7e52a72ed37ecaf9ffaa2fab836b7c2f5539d1f,NOASSERTION,NOASSERTION,unchanged upstream baseline,not release-cleared
krita/data/preset_icons/tool_icons/10_01_color-effect.png,aa6314d85c856063adc49206e18f302cae9cdb0b17aa0105dde182b26b4f6846,30118,e7e52a72ed37ecaf9ffaa2fab836b7c2f5539d1f,NOASSERTION,NOASSERTION,unchanged upstream baseline,not release-cleared
krita/data/preset_icons/tool_icons/10_02_adjustment-contrast.png,7588dcc3132d852147c7ff08adfbbe761fc1c327cdda0a49db5913bd3aec3a6e,18398,e7e52a72ed37ecaf9ffaa2fab836b7c2f5539d1f,NOASSERTION,NOASSERTION,unchanged upstream baseline,not release-cleared
krita/data/preset_icons/tool_icons/10_03_adjustment-dark.png,f425412b190cdc5e68f2679f7297ef7adef91f672230e05cc3fcc22e0171028a,21844,e7e52a72ed37ecaf9ffaa2fab836b7c2f5539d1f,NOASSERTION,NOASSERTION,unchanged upstream baseline,not release-cleared
krita/data/preset_icons/tool_icons/10_04_filter.png,3fe5112b0d7c5b5dd0e41550a899962208e3a17d5f788c81e77ba8af34ecdf6a,25236,e7e52a72ed37ecaf9ffaa2fab836b7c2f5539d1f,NOASSERTION,NOASSERTION,unchanged upstream baseline,not release-cleared
krita/data/preset_icons/tool_icons/10_05_deform.png,3881927c422d4c7d6ccc01136eccb5bef70b08c89d937bf8947456211d82c592,29039,e7e52a72ed37ecaf9ffaa2fab836b7c2f5539d1f,NOASSERTION,NOASSERTION,unchanged upstream baseline,not release-cleared
krita/data/preset_icons/tool_icons/10_06_clone.png,eee297be6e0382a441bc89270d9d15db27e3e9fa8909fa2ca5055b05ddaf665d,40796,e7e52a72ed37ecaf9ffaa2fab836b7c2f5539d1f,NOASSERTION,NOASSERTION,unchanged upstream baseline,not release-cleared
krita/data/preset_icons/tool_icons/11_01_wand.png,53d3d2454217e6a7b5ef65fe1c488d5e39b22fb0c8a18ca6a1b58bf6ec47dec8,17917,e7e52a72ed37ecaf9ffaa2fab836b7c2f5539d1f,NOASSERTION,NOASSERTION,unchanged upstream baseline,not release-cleared
krita/data/preset_icons/tool_icons/11_02_shape.png,312493824708d6480302c7b8c105c17285dd81dcce5fbdf421da19ea551703d3,27514,e7e52a72ed37ecaf9ffaa2fab836b7c2f5539d1f,NOASSERTION,NOASSERTION,unchanged upstream baseline,not release-cleared
krita/data/preset_icons/tool_icons/11_03_experimental.png,8497c2f70a24af403960effcc2fa76f0cdd60bc9cfb8d7e5eef85ee0635ee1cc,29628,e7e52a72ed37ecaf9ffaa2fab836b7c2f5539d1f,NOASSERTION,NOASSERTION,unchanged upstream baseline,not release-cleared
krita/data/preset_icons/tool_icons/11_03stamp.png,43ea3fee1cadacbbe81ca3ef81c6faa84597d54afba1b969c15092be68bd06e8,27805,e7e52a72ed37ecaf9ffaa2fab836b7c2f5539d1f,NOASSERTION,NOASSERTION,unchanged upstream baseline,not release-cleared
krita/data/preset_icons/tool_icons/11_04_texture-indicator.png,ed91c06a1a04272e96c3e9cbc5ac5bba0602c6b006ee94daee4710cfca544dc4,6328,e7e52a72ed37ecaf9ffaa2fab836b7c2f5539d1f,NOASSERTION,NOASSERTION,unchanged upstream baseline,not release-cleared
krita/data/preset_icons/tool_icons/11_05_screentone-indicator.png,686b75aab240fd64aab0cf144becb642eb0afa09294158036d8d3cbf275c856e,4309,e7e52a72ed37ecaf9ffaa2fab836b7c2f5539d1f,NOASSERTION,NOASSERTION,unchanged upstream baseline,not release-cleared
krita/data/preset_icons/tool_icons/11_06_grid.png,0fd8127c4562f9548f2f0595c0a7856b793c89a7e2349de8354d95f2cfb63f14,15384,e7e52a72ed37ecaf9ffaa2fab836b7c2f5539d1f,NOASSERTION,NOASSERTION,unchanged upstream baseline,not release-cleared
krita/data/preset_icons/tool_icons/12_01_Mechanical_Pencil.png,e6fbb289fc980334f6387ee5df3a044648cfc99d069acc3767dbb218711a5084,13793,e7e52a72ed37ecaf9ffaa2fab836b7c2f5539d1f,NOASSERTION,NOASSERTION,unchanged upstream baseline,not release-cleared
krita/data/preset_icons/tool_icons/12_02_Fineliner.png,8ebc28d90a148b379b95c5881a59bf1e43f74fdfa82d3cbad60f55538ad7a5f6,11876,e7e52a72ed37ecaf9ffaa2fab836b7c2f5539d1f,NOASSERTION,NOASSERTION,unchanged upstream baseline,not release-cleared
krita/data/preset_icons/tool_icons/12_03_Marker_Permanent.png,1c5982745e02aaeabb6a4eb28e232140d360247dd58509d3f93a2b9c50927708,20830,e7e52a72ed37ecaf9ffaa2fab836b7c2f5539d1f,NOASSERTION,NOASSERTION,unchanged upstream baseline,not release-cleared
krita/data/preset_icons/tool_icons/12_04_PenBrush_01.png,7dcb6be5a69ba1239ce1fc13101c6ef1407d220879ee6a189a8a9410c9e4e944,19708,e7e52a72ed37ecaf9ffaa2fab836b7c2f5539d1f,NOASSERTION,NOASSERTION,unchanged upstream baseline,not release-cleared
krita/data/preset_icons/tool_icons/12_05_Pen_01.png,ca45f23dcea48573cdfa14be1a727dd50c4ae5230fb66538f118bd402f93b1df,27307,e7e52a72ed37ecaf9ffaa2fab836b7c2f5539d1f,NOASSERTION,NOASSERTION,unchanged upstream baseline,not release-cleared
krita/data/preset_icons/tool_icons/12_06_Pen_02.png,fe88e63ec5720e020d031598b79be45e1743675edc1cb4d38bd55d19d84cb3ee,28408,e7e52a72ed37ecaf9ffaa2fab836b7c2f5539d1f,NOASSERTION,NOASSERTION,unchanged upstream baseline,not release-cleared
krita/data/preset_icons/tool_icons/12_07_Pen_03.png,9de11392e9f4162e3bdf09e0a3bcfa426640f568dc5ef1ce6667cc8b32b6788b,13781,e7e52a72ed37ecaf9ffaa2fab836b7c2f5539d1f,NOASSERTION,NOASSERTION,unchanged upstream baseline,not release-cleared
krita/data/preset_icons/tool_icons/12_08_Graphite_stick.png,f5a7812c7c771882d1264535a7e7127633f91b6292163663a713fcb41b0f9952,19116,e7e52a72ed37ecaf9ffaa2fab836b7c2f5539d1f,NOASSERTION,NOASSERTION,unchanged upstream baseline,not release-cleared
krita/data/preset_icons/tool_icons/12_09_Pastel_Bar_01.png,b476d6ac7192472b8b49b5336aa796fe3a6ea7ac10337aac27b18d7ace6d4937,59258,e7e52a72ed37ecaf9ffaa2fab836b7c2f5539d1f,NOASSERTION,NOASSERTION,unchanged upstream baseline,not release-cleared
krita/data/preset_icons/tool_icons/12_10_Pastel_Bar_04.png,c22f5c7b8d8db7790c4f00b17223d176cc6e514ffe4a025d6c28b63550c79e47,30345,e7e52a72ed37ecaf9ffaa2fab836b7c2f5539d1f,NOASSERTION,NOASSERTION,unchanged upstream baseline,not release-cleared
krita/data/preset_icons/tool_icons/12_11_Pastel_Bar_02.png,7afc4867f3c8b95c43af5cbd5f97536c8d455be167a0a118a5305bec4fe413a7,84857,e7e52a72ed37ecaf9ffaa2fab836b7c2f5539d1f,NOASSERTION,NOASSERTION,unchanged upstream baseline,not release-cleared
krita/data/preset_icons/tool_icons/CMakeLists.txt,d9134b4189be5ba0bfd2df60d3308e68cb5f000b3051a8b7097d09744c3d995b,2523,e7e52a72ed37ecaf9ffaa2fab836b7c2f5539d1f,NOASSERTION,NOASSERTION,unchanged upstream baseline,not release-cleared
krita/data/profiles/CMakeLists.txt,8e655c34d19e3f24dd397d5bbf3195eacbc76603b15e92851450c0c9d9c7d2f7,299,e7e52a72ed37ecaf9ffaa2fab836b7c2f5539d1f,NOASSERTION,NOASSERTION,unchanged upstream baseline,not release-cleared
krita/data/profiles/ITUR_2100_PQ_FULL.ICC,8a66e7e397f1a833f34b584681857589144a1da01918e2b52447c56bdebd5e4f,13472,e7e52a72ed37ecaf9ffaa2fab836b7c2f5539d1f,NOASSERTION,NOASSERTION,unchanged upstream baseline,not release-cleared
krita/data/profiles/README,31a51c482c4e48033e729b382fb8676863d6b7161607e1d9088dbcda613264b4,307,e7e52a72ed37ecaf9ffaa2fab836b7c2f5539d1f,NOASSERTION,NOASSERTION,unchanged upstream baseline,not release-cleared
krita/data/profiles/cmyk.icm,156e7c14f244cfc4ed83a755ca4803d80e15dd249b40fae82cb127d3902e15c7,961644,e7e52a72ed37ecaf9ffaa2fab836b7c2f5539d1f,NOASSERTION,NOASSERTION,unchanged upstream baseline,not release-cleared
krita/data/profiles/elles-icc-profiles/ACES-elle-V2-g10.icc,6aa32668044bd194435dcb6888e2a12139899d7c6cbb2e4ee3dc40f3298296c2,880,e7e52a72ed37ecaf9ffaa2fab836b7c2f5539d1f,NOASSERTION,NOASSERTION,unchanged upstream baseline,not release-cleared
krita/data/profiles/elles-icc-profiles/ACES-elle-V2-g22.icc,c9e20a2c1cdef3d0ff65354a3c14913fb94861975665e8300bdceaede57582b3,880,e7e52a72ed37ecaf9ffaa2fab836b7c2f5539d1f,NOASSERTION,NOASSERTION,unchanged upstream baseline,not release-cleared
krita/data/profiles/elles-icc-profiles/ACES-elle-V2-labl.icc,b256a8921952efcc0fde2b3100167926263e8801cbebebe245ad2a3bfe0c270e,9068,e7e52a72ed37ecaf9ffaa2fab836b7c2f5539d1f,NOASSERTION,NOASSERTION,unchanged upstream baseline,not release-cleared
krita/data/profiles/elles-icc-profiles/ACES-elle-V2-srgbtrc.icc,bbe64dbe5bae9587811e57660636556777af0195998ccb22cbe99b99850f5a38,9080,e7e52a72ed37ecaf9ffaa2fab836b7c2f5539d1f,NOASSERTION,NOASSERTION,unchanged upstream baseline,not release-cleared
krita/data/profiles/elles-icc-profiles/ACES-elle-V4-g10.icc,2091faebe11a55b18056915d32319ad0fcac565436b8b562de516d07e4840cf0,1072,e7e52a72ed37ecaf9ffaa2fab836b7c2f5539d1f,NOASSERTION,NOASSERTION,unchanged upstream baseline,not release-cleared
krita/data/profiles/elles-icc-profiles/ACES-elle-V4-g22.icc,cfa3d8b9c92915feeef1f59a6fc03ee2aa7266201837f173e09ed68c2fe2017c,1072,e7e52a72ed37ecaf9ffaa2fab836b7c2f5539d1f,NOASSERTION,NOASSERTION,unchanged upstream baseline,not release-cleared
krita/data/profiles/elles-icc-profiles/ACES-elle-V4-labl.icc,6e7221c0aa43935f54e2d230c398bd1c526ed02ecac826597dcf4411c0555faf,1088,e7e52a72ed37ecaf9ffaa2fab836b7c2f5539d1f,NOASSERTION,NOASSERTION,unchanged upstream baseline,not release-cleared
krita/data/profiles/elles-icc-profiles/ACES-elle-V4-srgbtrc.icc,a529297938e12c1c82caa2a58c178a251bee3df43ee0fde3df334be2efb43d80,1096,e7e52a72ed37ecaf9ffaa2fab836b7c2f5539d1f,NOASSERTION,NOASSERTION,unchanged upstream baseline,not release-cleared
krita/data/profiles/elles-icc-profiles/ACEScg-elle-V2-g10.icc,48f24840ad0fa5a02d3e1f11d06df272cd22d3b57bbc161e6c884c94927dbe50,880,e7e52a72ed37ecaf9ffaa2fab836b7c2f5539d1f,NOASSERTION,NOASSERTION,unchanged upstream baseline,not release-cleared
krita/data/profiles/elles-icc-profiles/ACEScg-elle-V2-g22.icc,36e480d26fb84a4fb9fdf359e4f2370b6df40422b1dbd42adbc6cf707a37b60e,880,e7e52a72ed37ecaf9ffaa2fab836b7c2f5539d1f,NOASSERTION,NOASSERTION,unchanged upstream baseline,not release-cleared
krita/data/profiles/elles-icc-profiles/ACEScg-elle-V2-labl.icc,b30616e52047d6a0c0af0217f4d2e68caf8af81bb109e641013fb4055b50f90a,9080,e7e52a72ed37ecaf9ffaa2fab836b7c2f5539d1f,NOASSERTION,NOASSERTION,unchanged upstream baseline,not release-cleared
krita/data/profiles/elles-icc-profiles/ACEScg-elle-V2-srgbtrc.icc,f6664be94c3b75eb4a42805acdd510c00e57d2ddc6076db78ef031e269a1f152,9080,e7e52a72ed37ecaf9ffaa2fab836b7c2f5539d1f,NOASSERTION,NOASSERTION,unchanged upstream baseline,not release-cleared
krita/data/profiles/elles-icc-profiles/ACEScg-elle-V4-g10.icc,cb2032cbc7a726cdee6fbca91e99ef02118bd316dd1edcb3e747a4bbc3ce533b,1076,e7e52a72ed37ecaf9ffaa2fab836b7c2f5539d1f,NOASSERTION,NOASSERTION,unchanged upstream baseline,not release-cleared
krita/data/profiles/elles-icc-profiles/ACEScg-elle-V4-g22.icc,6fe9bc8b6eaa4bf4d0b47dc56686b793fc14692fcdd153ae4534969ae78e980e,1076,e7e52a72ed37ecaf9ffaa2fab836b7c2f5539d1f,NOASSERTION,NOASSERTION,unchanged upstream baseline,not release-cleared
krita/data/profiles/elles-icc-profiles/ACEScg-elle-V4-labl.icc,6d5ef73c3ecfec5ccb36fe6fd5d509eb87b658e75ceb57295bfa9e1f86316650,1092,e7e52a72ed37ecaf9ffaa2fab836b7c2f5539d1f,NOASSERTION,NOASSERTION,unchanged upstream baseline,not release-cleared
krita/data/profiles/elles-icc-profiles/ACEScg-elle-V4-srgbtrc.icc,58507b2ba4222a3d2cad81419646068b17f0448d9c01aeb34ca4684e702244c0,1100,e7e52a72ed37ecaf9ffaa2fab836b7c2f5539d1f,NOASSERTION,NOASSERTION,unchanged upstream baseline,not release-cleared
krita/data/profiles/elles-icc-profiles/AllColorsRGB-elle-V2-g10.icc,4462622fc2babe45f17f89f805c0f2acffcfe05014dc0e92591e89f6a9888ae4,904,e7e52a72ed37ecaf9ffaa2fab836b7c2f5539d1f,NOASSERTION,NOASSERTION,unchanged upstream baseline,not release-cleared
krita/data/profiles/elles-icc-profiles/AllColorsRGB-elle-V2-g22.icc,05e4cf6af7cd979ccf4a07f30debc767cb20bd952558010c17d151abc801a6cb,904,e7e52a72ed37ecaf9ffaa2fab836b7c2f5539d1f,NOASSERTION,NOASSERTION,unchanged upstream baseline,not release-cleared
krita/data/profiles/elles-icc-profiles/AllColorsRGB-elle-V2-labl.icc,56a564a0083a14e8a4bf5e4b073feeb4a68b89a72a384b34c1f147abca3bf50c,9092,e7e52a72ed37ecaf9ffaa2fab836b7c2f5539d1f,NOASSERTION,NOASSERTION,unchanged upstream baseline,not release-cleared
krita/data/profiles/elles-icc-profiles/AllColorsRGB-elle-V2-srgbtrc.icc,301f348a834479f86e749b29292ee5348f553ea5c2ef6639dff03037751b5343,9104,e7e52a72ed37ecaf9ffaa2fab836b7c2f5539d1f,NOASSERTION,NOASSERTION,unchanged upstream baseline,not release-cleared
krita/data/profiles/elles-icc-profiles/AllColorsRGB-elle-V4-g10.icc,4ac5f2a0dbf04e91ad054560e335789b5067053372243251d9b890117e8c4325,1088,e7e52a72ed37ecaf9ffaa2fab836b7c2f5539d1f,NOASSERTION,NOASSERTION,unchanged upstream baseline,not release-cleared
krita/data/profiles/elles-icc-profiles/AllColorsRGB-elle-V4-g22.icc,d690b138a9697e32eeeaa319785379e63b77a25b72ddfed3aced5146136a92fe,1088,e7e52a72ed37ecaf9ffaa2fab836b7c2f5539d1f,NOASSERTION,NOASSERTION,unchanged upstream baseline,not release-cleared
krita/data/profiles/elles-icc-profiles/AllColorsRGB-elle-V4-labl.icc,ab8ecf894b30696198d981449fb9bb14d29d09270f1ad67fa4398539ee3f3ca0,1104,e7e52a72ed37ecaf9ffaa2fab836b7c2f5539d1f,NOASSERTION,NOASSERTION,unchanged upstream baseline,not release-cleared
krita/data/profiles/elles-icc-profiles/AllColorsRGB-elle-V4-srgbtrc.icc,945d8e91afc4484c52e2f6c2b3a5bc20caa7d695da5f89dc1ae609c481b455fe,1112,e7e52a72ed37ecaf9ffaa2fab836b7c2f5539d1f,NOASSERTION,NOASSERTION,unchanged upstream baseline,not release-cleared
krita/data/profiles/elles-icc-profiles/CIERGB-elle-V2-g10.icc,b0c84be04d58a5cb28cdd14abdee6280d7f5fb3ea61bff8474ed526622e8b373,880,e7e52a72ed37ecaf9ffaa2fab836b7c2f5539d1f,NOASSERTION,NOASSERTION,unchanged upstream baseline,not release-cleared
krita/data/profiles/elles-icc-profiles/CIERGB-elle-V2-g22.icc,573dcc78c24a8d591f7c3c97e9a08ef4dc814b9d36d924d5853b0de177d05939,880,e7e52a72ed37ecaf9ffaa2fab836b7c2f5539d1f,NOASSERTION,NOASSERTION,unchanged upstream baseline,not release-cleared
krita/data/profiles/elles-icc-profiles/CIERGB-elle-V2-labl.icc,ca41c1563c0778003f855572fd54644ec345915cd293cafea0251caf63ca7bbc,9080,e7e52a72ed37ecaf9ffaa2fab836b7c2f5539d1f,NOASSERTION,NOASSERTION,unchanged upstream baseline,not release-cleared
krita/data/profiles/elles-icc-profiles/CIERGB-elle-V2-srgbtrc.icc,f7fef8f5c6fb24c9321d9aa1eb21fbf40fb0a59d1e7756f88cfce6eb2d39c24a,9080,e7e52a72ed37ecaf9ffaa2fab836b7c2f5539d1f,NOASSERTION,NOASSERTION,unchanged upstream baseline,not release-cleared
krita/data/profiles/elles-icc-profiles/CIERGB-elle-V4-g10.icc,673f693a97fa653d08510fe1b97e249e056c6736331f858772270fded65d8bb6,1076,e7e52a72ed37ecaf9ffaa2fab836b7c2f5539d1f,NOASSERTION,NOASSERTION,unchanged upstream baseline,not release-cleared
krita/data/profiles/elles-icc-profiles/CIERGB-elle-V4-g22.icc,8897628fe4777f7bd70e21d5e487704a2462ea29bc3c417abf3ced2544a0e470,1076,e7e52a72ed37ecaf9ffaa2fab836b7c2f5539d1f,NOASSERTION,NOASSERTION,unchanged upstream baseline,not release-cleared
krita/data/profiles/elles-icc-profiles/CIERGB-elle-V4-labl.icc,60f8a1e334b3ad227d70c47351ce2016758fb2d5fea6a08db56c786e9beee310,1092,e7e52a72ed37ecaf9ffaa2fab836b7c2f5539d1f,NOASSERTION,NOASSERTION,unchanged upstream baseline,not release-cleared
krita/data/profiles/elles-icc-profiles/CIERGB-elle-V4-srgbtrc.icc,d0026b98bbb00f05b7fe8024a2dd67cea85b3179b00cf3a175802a04b92e464c,1100,e7e52a72ed37ecaf9ffaa2fab836b7c2f5539d1f,NOASSERTION,NOASSERTION,unchanged upstream baseline,not release-cleared
krita/data/profiles/elles-icc-profiles/CMakeLists.txt,6a10a9ba73ca375a750857836a7d8ffb213d9f126aee54a365925d13de665758,853,e7e52a72ed37ecaf9ffaa2fab836b7c2f5539d1f,NOASSERTION,NOASSERTION,unchanged upstream baseline,not release-cleared
krita/data/profiles/elles-icc-profiles/ClayRGB-elle-V2-g10.icc,cb1db5cf67ef1d50d37bfd0f52767f73cd731faaf967a9286064f32a5fb004d1,892,e7e52a72ed37ecaf9ffaa2fab836b7c2f5539d1f,NOASSERTION,NOASSERTION,unchanged upstream baseline,not release-cleared
krita/data/profiles/elles-icc-profiles/ClayRGB-elle-V2-g22.icc,bd1c8833f8bf622325c936345787565daa2626f39d03850ddd078b78855b9ac8,892,e7e52a72ed37ecaf9ffaa2fab836b7c2f5539d1f,NOASSERTION,NOASSERTION,unchanged upstream baseline,not release-cleared
krita/data/profiles/elles-icc-profiles/ClayRGB-elle-V2-labl.icc,d61cea0ab34fa7dbe9f7dd709f559b9111d8c9259f798c764b9c924ae5c2f59b,9080,e7e52a72ed37ecaf9ffaa2fab836b7c2f5539d1f,NOASSERTION,NOASSERTION,unchanged upstream baseline,not release-cleared
krita/data/profiles/elles-icc-profiles/ClayRGB-elle-V2-srgbtrc.icc,43929606129e40c612a532d63e9f376dffc0e1d4e16d8c62cf5a4ab0b144bf75,9092,e7e52a72ed37ecaf9ffaa2fab836b7c2f5539d1f,NOASSERTION,NOASSERTION,unchanged upstream baseline,not release-cleared
krita/data/profiles/elles-icc-profiles/ClayRGB-elle-V4-g10.icc,239fdb996118f70698ccb16dd0c388c92453b996bf1e622aafaa5740f13c008f,1076,e7e52a72ed37ecaf9ffaa2fab836b7c2f5539d1f,NOASSERTION,NOASSERTION,unchanged upstream baseline,not release-cleared
krita/data/profiles/elles-icc-profiles/ClayRGB-elle-V4-g22.icc,2f95344669bf1140b689683282ce90963cd5612d07f16765cb9e67b653e5fad0,1076,e7e52a72ed37ecaf9ffaa2fab836b7c2f5539d1f,NOASSERTION,NOASSERTION,unchanged upstream baseline,not release-cleared
krita/data/profiles/elles-icc-profiles/ClayRGB-elle-V4-labl.icc,28c9246f0858c7161c87d69e14d289e52a6efda6305c57923e8a898736f105ad,1096,e7e52a72ed37ecaf9ffaa2fab836b7c2f5539d1f,NOASSERTION,NOASSERTION,unchanged upstream baseline,not release-cleared
krita/data/profiles/elles-icc-profiles/ClayRGB-elle-V4-srgbtrc.icc,d23fd659796effc62567c170f23a0ecf84350d88188cc52f8395e8a8207611d4,1100,e7e52a72ed37ecaf9ffaa2fab836b7c2f5539d1f,NOASSERTION,NOASSERTION,unchanged upstream baseline,not release-cleared
krita/data/profiles/elles-icc-profiles/GNU General Public License v2.0 - GNU Project - Free Software Foundation (FSF).html,0419d061d07412bdf0c04f53fb640bf55a34d6611c68877da250cd4cab47ed63,19999,e7e52a72ed37ecaf9ffaa2fab836b7c2f5539d1f,NOASSERTION,NOASSERTION,unchanged upstream baseline,not release-cleared
krita/data/profiles/elles-icc-profiles/Gray-D50-elle-V2-g10.icc,ec59071f567fb6e3416dcc08ab4f79ba6a585527a3d365dfd9a951d2f9442c02,668,e7e52a72ed37ecaf9ffaa2fab836b7c2f5539d1f,NOASSERTION,NOASSERTION,unchanged upstream baseline,not release-cleared
krita/data/profiles/elles-icc-profiles/Gray-D50-elle-V2-g18.icc,044ad51d90e16c4bf27af057439eda2ccb34ad4594176439db456b97a5eccc0f,668,e7e52a72ed37ecaf9ffaa2fab836b7c2f5539d1f,NOASSERTION,NOASSERTION,unchanged upstream baseline,not release-cleared
krita/data/profiles/elles-icc-profiles/Gray-D50-elle-V2-g22.icc,170adb3ec7a049fff78519679849c82e215ad10dd9b751ed3daa643faf52d777,668,e7e52a72ed37ecaf9ffaa2fab836b7c2f5539d1f,NOASSERTION,NOASSERTION,unchanged upstream baseline,not release-cleared
krita/data/profiles/elles-icc-profiles/Gray-D50-elle-V2-labl.icc,7aced4540ecda8f376be5d61d274ae1b7fc9713962e7b444496d637bb03e00a5,8856,e7e52a72ed37ecaf9ffaa2fab836b7c2f5539d1f,NOASSERTION,NOASSERTION,unchanged upstream baseline,not release-cleared
krita/data/profiles/elles-icc-profiles/Gray-D50-elle-V2-rec709.icc,0853f11ba80079466862dc529c18e8a9a4549f9368f819668777272118dbe915,8868,e7e52a72ed37ecaf9ffaa2fab836b7c2f5539d1f,NOASSERTION,NOASSERTION,unchanged upstream baseline,not release-cleared
krita/data/profiles/elles-icc-profiles/Gray-D50-elle-V2-srgbtrc.icc,c96c2c75acdf4732da2f5ce0441a976759dd4ff8948d8e95b8fba63965ff323d,8868,e7e52a72ed37ecaf9ffaa2fab836b7c2f5539d1f,NOASSERTION,NOASSERTION,unchanged upstream baseline,not release-cleared
krita/data/profiles/elles-icc-profiles/Gray-D50-elle-V4-g10.icc,0d50a441f8532d05917d86dcdc2beb57a646b406017422dc646a8bee98bc2ba9,856,e7e52a72ed37ecaf9ffaa2fab836b7c2f5539d1f,NOASSERTION,NOASSERTION,unchanged upstream baseline,not release-cleared
krita/data/profiles/elles-icc-profiles/Gray-D50-elle-V4-g18.icc,f52af61627b6cbb20568db5a597229f8e48a8d4c1782fc2f44cb183454532a1e,856,e7e52a72ed37ecaf9ffaa2fab836b7c2f5539d1f,NOASSERTION,NOASSERTION,unchanged upstream baseline,not release-cleared
krita/data/profiles/elles-icc-profiles/Gray-D50-elle-V4-g22.icc,a8e5de9f7f03162c1ca2aff47d5d20437d3696bd83d5edfcd87e3b333443303f,856,e7e52a72ed37ecaf9ffaa2fab836b7c2f5539d1f,NOASSERTION,NOASSERTION,unchanged upstream baseline,not release-cleared
krita/data/profiles/elles-icc-profiles/Gray-D50-elle-V4-labl.icc,b6d527385a578b7f7e4431afb42216d529ed3f50e7a285cd81c6a5c584a0833a,872,e7e52a72ed37ecaf9ffaa2fab836b7c2f5539d1f,NOASSERTION,NOASSERTION,unchanged upstream baseline,not release-cleared
krita/data/profiles/elles-icc-profiles/Gray-D50-elle-V4-rec709.icc,b16df722e0148c09529bebefedf078ca0f24da021167e3934f77ff68417f5dec,876,e7e52a72ed37ecaf9ffaa2fab836b7c2f5539d1f,NOASSERTION,NOASSERTION,unchanged upstream baseline,not release-cleared
krita/data/profiles/elles-icc-profiles/Gray-D50-elle-V4-srgbtrc.icc,5bd5854d87c07d1c87920e6a0c3c1a982ec80939a11eb476c45b5b1cd60eba7d,880,e7e52a72ed37ecaf9ffaa2fab836b7c2f5539d1f,NOASSERTION,NOASSERTION,unchanged upstream baseline,not release-cleared
krita/data/profiles/elles-icc-profiles/IdentityRGB-elle-V2-g10.icc,4298c0b8c7527dbad74a0237856530fc7c8a477a88ee0d0dc8f6d19e32d1a72c,904,e7e52a72ed37ecaf9ffaa2fab836b7c2f5539d1f,NOASSERTION,NOASSERTION,unchanged upstream baseline,not release-cleared
krita/data/profiles/elles-icc-profiles/IdentityRGB-elle-V2-g22.icc,679fab491757fcd45aaccbf1721b2820a25c36151abe46b6ef16810ed2ede9b2,904,e7e52a72ed37ecaf9ffaa2fab836b7c2f5539d1f,NOASSERTION,NOASSERTION,unchanged upstream baseline,not release-cleared
krita/data/profiles/elles-icc-profiles/IdentityRGB-elle-V2-labl.icc,c0b5e854f3bf644bb82cf7e1224914c66f09edfca72bd60c6ac6057abc86a9d8,9092,e7e52a72ed37ecaf9ffaa2fab836b7c2f5539d1f,NOASSERTION,NOASSERTION,unchanged upstream baseline,not release-cleared
krita/data/profiles/elles-icc-profiles/IdentityRGB-elle-V2-srgbtrc.icc,fffef639b48430054fe3cda6f819b47ead8074698cae4bd71fe9be09de43b3cf,9104,e7e52a72ed37ecaf9ffaa2fab836b7c2f5539d1f,NOASSERTION,NOASSERTION,unchanged upstream baseline,not release-cleared
krita/data/profiles/elles-icc-profiles/IdentityRGB-elle-V4-g10.icc,d44af7b56e35d07117b5d445e178ce35dd1fa84b0a9db80c56c55083689038ee,1084,e7e52a72ed37ecaf9ffaa2fab836b7c2f5539d1f,NOASSERTION,NOASSERTION,unchanged upstream baseline,not release-cleared
krita/data/profiles/elles-icc-profiles/IdentityRGB-elle-V4-g22.icc,5249c20f5f146e769eedd8f45aebad28367d13c0f4adb9b7e419d21cfe241fed,1084,e7e52a72ed37ecaf9ffaa2fab836b7c2f5539d1f,NOASSERTION,NOASSERTION,unchanged upstream baseline,not release-cleared
krita/data/profiles/elles-icc-profiles/IdentityRGB-elle-V4-labl.icc,ed1fb17beb5b119e71c46300130c59682f3300faeef0ba9dcf4df9ffde1ac33e,1104,e7e52a72ed37ecaf9ffaa2fab836b7c2f5539d1f,NOASSERTION,NOASSERTION,unchanged upstream baseline,not release-cleared
krita/data/profiles/elles-icc-profiles/IdentityRGB-elle-V4-srgbtrc.icc,04b9d96b00344c79a442153e48732b3ac0f51c7698a521b13d35822d75f3ddc9,1108,e7e52a72ed37ecaf9ffaa2fab836b7c2f5539d1f,NOASSERTION,NOASSERTION,unchanged upstream baseline,not release-cleared
krita/data/profiles/elles-icc-profiles/Lab-D50-Identity-elle-V2.icc,10c1116a98afabb6b45e8f4f19b09cf392a87107e752c55f11e4e106d446d9e4,820,e7e52a72ed37ecaf9ffaa2fab836b7c2f5539d1f,NOASSERTION,NOASSERTION,unchanged upstream baseline,not release-cleared
krita/data/profiles/elles-icc-profiles/Lab-D50-Identity-elle-V4.icc,b03b109b855719d491cf1f7f65dbe564dcb4f9ff5d4638e4b594b68952149bea,968,e7e52a72ed37ecaf9ffaa2fab836b7c2f5539d1f,NOASSERTION,NOASSERTION,unchanged upstream baseline,not release-cleared
krita/data/profiles/elles-icc-profiles/LargeRGB-elle-V2-g10.icc,21517a60307cf264e59ada751b3344f988f4b1d7d249fa745c95a81e7bdcf55d,892,e7e52a72ed37ecaf9ffaa2fab836b7c2f5539d1f,NOASSERTION,NOASSERTION,unchanged upstream baseline,not release-cleared
krita/data/profiles/elles-icc-profiles/LargeRGB-elle-V2-g18.icc,da4fc37180f6d0b67875d501d98834a0e364bf80e800b7dc40994cca88541af8,892,e7e52a72ed37ecaf9ffaa2fab836b7c2f5539d1f,NOASSERTION,NOASSERTION,unchanged upstream baseline,not release-cleared
krita/data/profiles/elles-icc-profiles/LargeRGB-elle-V2-g22.icc,0c2f617adc57b99a768b743d781072351eedab5efdc50217c71808b717d1a8ab,892,e7e52a72ed37ecaf9ffaa2fab836b7c2f5539d1f,NOASSERTION,NOASSERTION,unchanged upstream baseline,not release-cleared
krita/data/profiles/elles-icc-profiles/LargeRGB-elle-V2-labl.icc,2a4cfa30d45a4cb2f2df30619855e5b7026787b934332dfef6d104ee89e13a22,9080,e7e52a72ed37ecaf9ffaa2fab836b7c2f5539d1f,NOASSERTION,NOASSERTION,unchanged upstream baseline,not release-cleared
krita/data/profiles/elles-icc-profiles/LargeRGB-elle-V2-srgbtrc.icc,6e6715780963653101baa1fb13875e9a71f4692228638c57edf2dfd45321fa40,9092,e7e52a72ed37ecaf9ffaa2fab836b7c2f5539d1f,NOASSERTION,NOASSERTION,unchanged upstream baseline,not release-cleared
krita/data/profiles/elles-icc-profiles/LargeRGB-elle-V4-g10.icc,ef76f73ecf56b98e66f4bfbcbbfa4eaebdc8f6e5602c8ebc5196f63a03531561,1080,e7e52a72ed37ecaf9ffaa2fab836b7c2f5539d1f,NOASSERTION,NOASSERTION,unchanged upstream baseline,not release-cleared
krita/data/profiles/elles-icc-profiles/LargeRGB-elle-V4-g18.icc,ed22c687f70dfbaddb519bde73fb44c8343eb51224e672f55f7b5c8af0ebfd94,1080,e7e52a72ed37ecaf9ffaa2fab836b7c2f5539d1f,NOASSERTION,NOASSERTION,unchanged upstream baseline,not release-cleared
krita/data/profiles/elles-icc-profiles/LargeRGB-elle-V4-g22.icc,3b3b4d9fc08b6fa4156c2379d291989ca0da519203100e3423c26a025cd29d05,1080,e7e52a72ed37ecaf9ffaa2fab836b7c2f5539d1f,NOASSERTION,NOASSERTION,unchanged upstream baseline,not release-cleared
krita/data/profiles/elles-icc-profiles/LargeRGB-elle-V4-labl.icc,f26e6d977aad3dc9a1302b9e3c8cab818e33d64426573d44ed299848cfa1e67e,1096,e7e52a72ed37ecaf9ffaa2fab836b7c2f5539d1f,NOASSERTION,NOASSERTION,unchanged upstream baseline,not release-cleared
krita/data/profiles/elles-icc-profiles/LargeRGB-elle-V4-srgbtrc.icc,5c8a9c3d3391ea67b2018de01f36eae36db3b6dc9e329f7680a669fe3b4d2ebc,1104,e7e52a72ed37ecaf9ffaa2fab836b7c2f5539d1f,NOASSERTION,NOASSERTION,unchanged upstream baseline,not release-cleared
krita/data/profiles/elles-icc-profiles/README,fa984b2a42d43190746a094270724b225fddf3959fff646a64b08db45625dfb7,10738,e7e52a72ed37ecaf9ffaa2fab836b7c2f5539d1f,NOASSERTION,NOASSERTION,unchanged upstream baseline,not release-cleared
krita/data/profiles/elles-icc-profiles/Rec2020-elle-V2-g10.icc,3a31d8c0f749dc7576e1cd12a389f32c581036c4e5916b504854328c36ed88a2,892,e7e52a72ed37ecaf9ffaa2fab836b7c2f5539d1f,NOASSERTION,NOASSERTION,unchanged upstream baseline,not release-cleared
krita/data/profiles/elles-icc-profiles/Rec2020-elle-V2-g22.icc,e21bd3a7f576dc09dd4888aad969a9eb6a02fe623c38fcc4ae5a453872453e61,892,e7e52a72ed37ecaf9ffaa2fab836b7c2f5539d1f,NOASSERTION,NOASSERTION,unchanged upstream baseline,not release-cleared
krita/data/profiles/elles-icc-profiles/Rec2020-elle-V2-labl.icc,97993fb0f72ef33ed5af098afcfe5149079dcfeda0d9e25888a09e2c24f9e851,9080,e7e52a72ed37ecaf9ffaa2fab836b7c2f5539d1f,NOASSERTION,NOASSERTION,unchanged upstream baseline,not release-cleared
krita/data/profiles/elles-icc-profiles/Rec2020-elle-V2-rec709.icc,85e23fc2f0d2df4f4f926717f808cecd91354a93cdceeebbc9bb66efa26aae66,9080,e7e52a72ed37ecaf9ffaa2fab836b7c2f5539d1f,NOASSERTION,NOASSERTION,unchanged upstream baseline,not release-cleared
krita/data/profiles/elles-icc-profiles/Rec2020-elle-V2-srgbtrc.icc,1ddf31f3e4892728b09a7229eef7dbcd2e9ae65441637b5d7ad4b6ff5745eae4,9092,e7e52a72ed37ecaf9ffaa2fab836b7c2f5539d1f,NOASSERTION,NOASSERTION,unchanged upstream baseline,not release-cleared
krita/data/profiles/elles-icc-profiles/Rec2020-elle-V4-g10.icc,7f0774a7434c2bfbe8f0930475112c2d3febad8d22d4f82fde6f20e6301692f2,1076,e7e52a72ed37ecaf9ffaa2fab836b7c2f5539d1f,NOASSERTION,NOASSERTION,unchanged upstream baseline,not release-cleared
krita/data/profiles/elles-icc-profiles/Rec2020-elle-V4-g22.icc,6fc6689a6855e81faeac1420b2f0c68933862bc8d6bfe686438e430f2457f68a,1076,e7e52a72ed37ecaf9ffaa2fab836b7c2f5539d1f,NOASSERTION,NOASSERTION,unchanged upstream baseline,not release-cleared
krita/data/profiles/elles-icc-profiles/Rec2020-elle-V4-labl.icc,8afa3e8205a0dc54330216483bb09d2692b0ea07d77f1728649368bfd7725147,1096,e7e52a72ed37ecaf9ffaa2fab836b7c2f5539d1f,NOASSERTION,NOASSERTION,unchanged upstream baseline,not release-cleared
krita/data/profiles/elles-icc-profiles/Rec2020-elle-V4-rec709.icc,f285fd72d600a874603d2e0479e4197d153466127de6e888ff64757a8cf1ed90,1100,e7e52a72ed37ecaf9ffaa2fab836b7c2f5539d1f,NOASSERTION,NOASSERTION,unchanged upstream baseline,not release-cleared
krita/data/profiles/elles-icc-profiles/Rec2020-elle-V4-srgbtrc.icc,98572099e5aa43a07b24dc67900899e7966b2f05466a9c74e2930ea2c3ec8e49,1100,e7e52a72ed37ecaf9ffaa2fab836b7c2f5539d1f,NOASSERTION,NOASSERTION,unchanged upstream baseline,not release-cleared
krita/data/profiles/elles-icc-profiles/WideRGB-elle-V2-g10.icc,7047c4df9100f02c1252552d8c00e2a11014c38c626552463b487bcf2309fecb,892,e7e52a72ed37ecaf9ffaa2fab836b7c2f5539d1f,NOASSERTION,NOASSERTION,unchanged upstream baseline,not release-cleared
krita/data/profiles/elles-icc-profiles/WideRGB-elle-V2-g22.icc,46c3d4f7646f1a0af73d62e95ed5a1f8411136f7dfad42bdca249da57d293466,892,e7e52a72ed37ecaf9ffaa2fab836b7c2f5539d1f,NOASSERTION,NOASSERTION,unchanged upstream baseline,not release-cleared
krita/data/profiles/elles-icc-profiles/WideRGB-elle-V2-labl.icc,b97ddd9ab21007d39f64a3ea178e12359f575d74ea3d4915196ff3f5f7957ca8,9080,e7e52a72ed37ecaf9ffaa2fab836b7c2f5539d1f,NOASSERTION,NOASSERTION,unchanged upstream baseline,not release-cleared
krita/data/profiles/elles-icc-profiles/WideRGB-elle-V2-srgbtrc.icc,fb1f5830ec856a8b2795df91e36ec8828f124f7a55a6a92a59a9ce2ee07c2f70,9092,e7e52a72ed37ecaf9ffaa2fab836b7c2f5539d1f,NOASSERTION,NOASSERTION,unchanged upstream baseline,not release-cleared
krita/data/profiles/elles-icc-profiles/WideRGB-elle-V4-g10.icc,a65e99201ca3bd7e55cee3d29dca15fb1a90d4a859fd6aa184ba10ab438364e0,1076,e7e52a72ed37ecaf9ffaa2fab836b7c2f5539d1f,NOASSERTION,NOASSERTION,unchanged upstream baseline,not release-cleared
krita/data/profiles/elles-icc-profiles/WideRGB-elle-V4-g22.icc,93f3256392c8fe80126a6951ebd3fa1cad4ca61624bd584a95dca43bfb780cf7,1076,e7e52a72ed37ecaf9ffaa2fab836b7c2f5539d1f,NOASSERTION,NOASSERTION,unchanged upstream baseline,not release-cleared
krita/data/profiles/elles-icc-profiles/WideRGB-elle-V4-labl.icc,2f94d6936ab96aa97c4dd5da6a544565016db532098d995c241afbebdee30c26,1096,e7e52a72ed37ecaf9ffaa2fab836b7c2f5539d1f,NOASSERTION,NOASSERTION,unchanged upstream baseline,not release-cleared
krita/data/profiles/elles-icc-profiles/WideRGB-elle-V4-srgbtrc.icc,b36565cc6a7e87a2320233b2546b550e8599f35e09a0f045b3ad5ab9e39251c1,1100,e7e52a72ed37ecaf9ffaa2fab836b7c2f5539d1f,NOASSERTION,NOASSERTION,unchanged upstream baseline,not release-cleared
krita/data/profiles/elles-icc-profiles/XYZ-D50-Identity-elle-V4.icc,0c2858587bcd452a49d1aa072edda9f4fe48f86470a1ea6b22131ab8d83562e5,968,e7e52a72ed37ecaf9ffaa2fab836b7c2f5539d1f,NOASSERTION,NOASSERTION,unchanged upstream baseline,not release-cleared
krita/data/profiles/elles-icc-profiles/elles-well-behaved-icc-profile-descriptions.txt,b9ba5d762412485de9f7ffa6e372bdfaad41ce9c82b34b134db79c7b94e7dca9,39129,e7e52a72ed37ecaf9ffaa2fab836b7c2f5539d1f,NOASSERTION,NOASSERTION,unchanged upstream baseline,not release-cleared
krita/data/profiles/elles-icc-profiles/gpl-2.0.txt,8177f97513213526df2cf6184d8ff986c675afb514d4e68a404010521b880643,18092,e7e52a72ed37ecaf9ffaa2fab836b7c2f5539d1f,NOASSERTION,NOASSERTION,unchanged upstream baseline,not release-cleared
krita/data/profiles/elles-icc-profiles/html-README-for-elles-well-behaved-icc-profiles.html,e65ada54028b68f77db49d09b9231f502f4d09e84d1b93f989e705a5a5cf7b49,52440,e7e52a72ed37ecaf9ffaa2fab836b7c2f5539d1f,NOASSERTION,NOASSERTION,unchanged upstream baseline,not release-cleared
krita/data/profiles/elles-icc-profiles/make-elles-profiles.c,e390f49dc7abea06f210dc85dbc54fb12f2ca881fd382911cc8f1b1614b59c92,66944,e7e52a72ed37ecaf9ffaa2fab836b7c2f5539d1f,NOASSERTION,NOASSERTION,unchanged upstream baseline,not release-cleared
krita/data/profiles/elles-icc-profiles/plain-text-README-for-elles-well-behaved-icc-profiles.txt,c1fd52735bcc3572a555d3edb6a57d3c2da4fe41516ea10eff19b70b918faabd,40870,e7e52a72ed37ecaf9ffaa2fab836b7c2f5539d1f,NOASSERTION,NOASSERTION,unchanged upstream baseline,not release-cleared
krita/data/profiles/elles-icc-profiles/sRGB-elle-V2-g10.icc,51373873702823054c739d013cf68d37bdd5810544fb5cc6285da7380d454704,880,e7e52a72ed37ecaf9ffaa2fab836b7c2f5539d1f,NOASSERTION,NOASSERTION,unchanged upstream baseline,not release-cleared
krita/data/profiles/elles-icc-profiles/sRGB-elle-V2-g22.icc,0fd8b4cb8f779dc2d630295c0f5e69d84e8d10a0fa4fff24882949d069ef32f9,880,e7e52a72ed37ecaf9ffaa2fab836b7c2f5539d1f,NOASSERTION,NOASSERTION,unchanged upstream baseline,not release-cleared
krita/data/profiles/elles-icc-profiles/sRGB-elle-V2-labl.icc,a05c69f5543fd17102063e57dadb0b2fcbadb654bd11656493104aa6afc728c5,9068,e7e52a72ed37ecaf9ffaa2fab836b7c2f5539d1f,NOASSERTION,NOASSERTION,unchanged upstream baseline,not release-cleared
krita/data/profiles/elles-icc-profiles/sRGB-elle-V2-rec709.icc,fb4d0e43070aa4ffbe8f95cebbbfb2f5a2dace1755a6642a7f3875caa3e5861a,9080,e7e52a72ed37ecaf9ffaa2fab836b7c2f5539d1f,NOASSERTION,NOASSERTION,unchanged upstream baseline,not release-cleared
krita/data/profiles/elles-icc-profiles/sRGB-elle-V2-srgbtrc.icc,5991c8d8fcb628dad5d052d9341df8a32bd3c7a794c913a8ede8eae4b34b4545,9080,e7e52a72ed37ecaf9ffaa2fab836b7c2f5539d1f,NOASSERTION,NOASSERTION,unchanged upstream baseline,not release-cleared
krita/data/profiles/elles-icc-profiles/sRGB-elle-V4-g10.icc,e345a91e76d0d0cad40ea2caa49d501437cc9c492a9d138239d7e4adc8648f7a,1072,e7e52a72ed37ecaf9ffaa2fab836b7c2f5539d1f,NOASSERTION,NOASSERTION,unchanged upstream baseline,not release-cleared
krita/data/profiles/elles-icc-profiles/sRGB-elle-V4-g22.icc,67b1d5d15a5a1cf74352aa21151ed0b9787012980d468458ab59a50d5d5f5088,1072,e7e52a72ed37ecaf9ffaa2fab836b7c2f5539d1f,NOASSERTION,NOASSERTION,unchanged upstream baseline,not release-cleared
krita/data/profiles/elles-icc-profiles/sRGB-elle-V4-labl.icc,3e0d05abc40b12ff7d5b6257c3dc39e57a4829997d20cefa7fdfe7e3f220de52,1088,e7e52a72ed37ecaf9ffaa2fab836b7c2f5539d1f,NOASSERTION,NOASSERTION,unchanged upstream baseline,not release-cleared
krita/data/profiles/elles-icc-profiles/sRGB-elle-V4-rec709.icc,67e7766ab279963c68a6fbd2c218ba54f1477f960529fbcf6ad28b32bc2f6115,1092,e7e52a72ed37ecaf9ffaa2fab836b7c2f5539d1f,NOASSERTION,NOASSERTION,unchanged upstream baseline,not release-cleared
krita/data/profiles/elles-icc-profiles/sRGB-elle-V4-srgbtrc.icc,52d632fd6c3d2389a767a84faa0919beae6498eeb501730d170e90f0f86f594f,1096,e7e52a72ed37ecaf9ffaa2fab836b7c2f5539d1f,NOASSERTION,NOASSERTION,unchanged upstream baseline,not release-cleared
krita/data/profiles/krita25_lcms-builtin-sRGB_g100-truegamma.icc,6a9c18dd13e14d698434ce5acebdc2cbf463a886796e0f11fcee5bf395643734,646,e7e52a72ed37ecaf9ffaa2fab836b7c2f5539d1f,NOASSERTION,NOASSERTION,unchanged upstream baseline,not release-cleared
krita/data/profiles/licenses.txt,be439fbfcee485e5a3e7e3bb92a77ef391ab074a01efd85e2aeb7affaa2a5c9a,165,e7e52a72ed37ecaf9ffaa2fab836b7c2f5539d1f,NOASSERTION,NOASSERTION,unchanged upstream baseline,not release-cleared
krita/data/profiles/scRGB.icm,8e81be83371b1e77643c244d8b7007c9ee66a9dbd2b15242934423e1ea466baf,828,e7e52a72ed37ecaf9ffaa2fab836b7c2f5539d1f,NOASSERTION,NOASSERTION,unchanged upstream baseline,not release-cleared
krita/data/profiles/ycbcr-icc-profiles/CMakeLists.txt,776dc81d65da7fe0ccaab1912a229861fa96b6f244ec34245165a80bc7b7ca63,336,e7e52a72ed37ecaf9ffaa2fab836b7c2f5539d1f,NOASSERTION,NOASSERTION,unchanged upstream baseline,not release-cleared
krita/data/profiles/ycbcr-icc-profiles/LICENSE-PROFILES.txt,f61c033094d9d01129d8d80dd004276ba9b9ea110d5307adad0bdd59f0749237,205,e7e52a72ed37ecaf9ffaa2fab836b7c2f5539d1f,NOASSERTION,NOASSERTION,unchanged upstream baseline,not release-cleared
krita/data/profiles/ycbcr-icc-profiles/README.md,bda48d8158b6d618e89c99772cf232b12dc2526a48c3d7d871979e4a4e695750,962,e7e52a72ed37ecaf9ffaa2fab836b7c2f5539d1f,NOASSERTION,NOASSERTION,unchanged upstream baseline,not release-cleared
krita/data/profiles/ycbcr-icc-profiles/bt601-7_bt1886_ycbcr_v2.icc,ce66a8d6e94b30ae45a0f827422860db168a9c864d5daef2b1330edffc3a8271,167040,e7e52a72ed37ecaf9ffaa2fab836b7c2f5539d1f,NOASSERTION,NOASSERTION,unchanged upstream baseline,not release-cleared
krita/data/profiles/ycbcr-icc-profiles/bt601-7_bt1886_ycbcr_v4.icc,63067cf94707ce13936fe7fb3578311bd6a41cca5d022d50aff7962ebe1d6289,168084,e7e52a72ed37ecaf9ffaa2fab836b7c2f5539d1f,NOASSERTION,NOASSERTION,unchanged upstream baseline,not release-cleared
krita/data/profiles/ycbcr-icc-profiles/bt601-7_ycbcr_v2.icc,6df02e77cd5a73da31f1d7794131fd2284e7ec44df0b8eff3ae495ed111cd867,167012,e7e52a72ed37ecaf9ffaa2fab836b7c2f5539d1f,NOASSERTION,NOASSERTION,unchanged upstream baseline,not release-cleared
krita/data/profiles/ycbcr-icc-profiles/bt601-7_ycbcr_v4.icc,3f2453756c995b23092136b08743227f8fc501d6a14f328340cb1c4b358f0e74,193024,e7e52a72ed37ecaf9ffaa2fab836b7c2f5539d1f,NOASSERTION,NOASSERTION,unchanged upstream baseline,not release-cleared
krita/data/profiles/ycbcr-icc-profiles/bt709-6_bt1886_ycbcr_v2.icc,6d520c549277146f142594b0f411e7c08ceb065a9f2c274c9faa7711f3a2156f,167040,e7e52a72ed37ecaf9ffaa2fab836b7c2f5539d1f,NOASSERTION,NOASSERTION,unchanged upstream baseline,not release-cleared
krita/data/profiles/ycbcr-icc-profiles/bt709-6_bt1886_ycbcr_v4.icc,86f3ef2b6a794816aff6ff2abfde97e767e94c6cd278673335d2b61c4973e077,168084,e7e52a72ed37ecaf9ffaa2fab836b7c2f5539d1f,NOASSERTION,NOASSERTION,unchanged upstream baseline,not release-cleared
krita/data/profiles/ycbcr-icc-profiles/bt709-6_ycbcr_v2.icc,2bd4e9322c0d60ec6b49d5a99bd44154b5d7000ec25e5c7be54853670b693ef8,167012,e7e52a72ed37ecaf9ffaa2fab836b7c2f5539d1f,NOASSERTION,NOASSERTION,unchanged upstream baseline,not release-cleared
krita/data/profiles/ycbcr-icc-profiles/bt709-6_ycbcr_v4.icc,778517cf2f001e7c5d85dbdba301ba43f401a32e85e6cfae109bd701f5651094,193024,e7e52a72ed37ecaf9ffaa2fab836b7c2f5539d1f,NOASSERTION,NOASSERTION,unchanged upstream baseline,not release-cleared
krita/data/seexpr_scripts/CMakeLists.txt,cdae62bd6229c93852c6400bd8b70028019cb0c168be45f295785115f3c5cde7,147,e7e52a72ed37ecaf9ffaa2fab836b7c2f5539d1f,NOASSERTION,NOASSERTION,unchanged upstream baseline,not release-cleared
krita/data/seexpr_scripts/Disney_noisecolor2.kse,2785575b707180bfb7e7ccae2ae8d038534f8b15cf0fd135dd932f60e526ecc9,91051,e7e52a72ed37ecaf9ffaa2fab836b7c2f5539d1f,NOASSERTION,NOASSERTION,unchanged upstream baseline,not release-cleared
krita/data/sessions/Painting with references.ksn,8ae863edb2c488395025be952d1fdf96317d8ace55812f69feafb5af7a2b0fc3,17777,e7e52a72ed37ecaf9ffaa2fab836b7c2f5539d1f,NOASSERTION,NOASSERTION,unchanged upstream baseline,not release-cleared
krita/data/sessions/Working with references.ksn,449f6183b78f7265546c6c5df227f6430d21d3ab27fb1487893e0046c56aa2fd,17593,e7e52a72ed37ecaf9ffaa2fab836b7c2f5539d1f,NOASSERTION,NOASSERTION,unchanged upstream baseline,not release-cleared
krita/data/shaders/bilinear_gradient.frag,180da4e48ab6ebd9e02f7449aaf2b12fa598d489eb4a87a310b8a075e0036de1,520,e7e52a72ed37ecaf9ffaa2fab836b7c2f5539d1f,NOASSERTION,NOASSERTION,unchanged upstream baseline,not release-cleared
krita/data/shaders/conical_gradient.frag,8ad70b723f41989647dc2f22e324a06ff1c478d919f9971dc73e140e2336f186,555,e7e52a72ed37ecaf9ffaa2fab836b7c2f5539d1f,NOASSERTION,NOASSERTION,unchanged upstream baseline,not release-cleared
krita/data/shaders/conical_symetric_gradient.frag,f9da1f025b7281c0334309c9931357539f3c3a5ec995e9b9f8d2b7695b795fa7,643,e7e52a72ed37ecaf9ffaa2fab836b7c2f5539d1f,NOASSERTION,NOASSERTION,unchanged upstream baseline,not release-cleared
krita/data/shaders/cursor.frag,1e8c9062234e64081682f79d325e35a2cebb7f45322bc5b4c8f3d558ba76cca4,147,e7e52a72ed37ecaf9ffaa2fab836b7c2f5539d1f,NOASSERTION,NOASSERTION,unchanged upstream baseline,not release-cleared
krita/data/shaders/cursor.vert,7a1027db14c938b48f3d3a2f34a1161b7380d432ea04e384dc02cbd13bd1bf1e,190,e7e52a72ed37ecaf9ffaa2fab836b7c2f5539d1f,NOASSERTION,NOASSERTION,unchanged upstream baseline,not release-cleared
krita/data/shaders/cursor_legacy.frag,554f18088ec8824ae9e4a6634cbb4a4b0e316ceac91646906cd7e1dc52731bb8,130,e7e52a72ed37ecaf9ffaa2fab836b7c2f5539d1f,NOASSERTION,NOASSERTION,unchanged upstream baseline,not release-cleared
krita/data/shaders/cursor_legacy.vert,1cdc2e2a90d1d26ea603102d55b76d1491c8c1fd080555b72c0cc30634b56925,204,e7e52a72ed37ecaf9ffaa2fab836b7c2f5539d1f,NOASSERTION,NOASSERTION,unchanged upstream baseline,not release-cleared
krita/data/shaders/highq_downscale.frag,8ceeaa7f6c81282399541131fe57fd5afb16526fa6195da3c8bfcb1e77eb5d69,3461,e7e52a72ed37ecaf9ffaa2fab836b7c2f5539d1f,NOASSERTION,NOASSERTION,unchanged upstream baseline,not release-cleared
krita/data/shaders/linear_gradient.frag,28bbe08142212a08fb9b3aca6794032b5d2275bbf6900035226cc30355ee0dc0,476,e7e52a72ed37ecaf9ffaa2fab836b7c2f5539d1f,NOASSERTION,NOASSERTION,unchanged upstream baseline,not release-cleared
krita/data/shaders/matrix_transform.vert,526785a2329a1e019e6975e2f79b52316548378c4b8411cd912dacd3175a999b,381,e7e52a72ed37ecaf9ffaa2fab836b7c2f5539d1f,NOASSERTION,NOASSERTION,unchanged upstream baseline,not release-cleared
krita/data/shaders/matrix_transform_legacy.vert,8207de0969b433418f3e24e5a239b495dab6818347fceaa1d4a3a682167b0aca,413,e7e52a72ed37ecaf9ffaa2fab836b7c2f5539d1f,NOASSERTION,NOASSERTION,unchanged upstream baseline,not release-cleared
krita/data/shaders/radial_gradient.frag,b49ec835f49f8519fb337f25729cc850fa10d320842f4f5c3c8db71b357bab61,332,e7e52a72ed37ecaf9ffaa2fab836b7c2f5539d1f,NOASSERTION,NOASSERTION,unchanged upstream baseline,not release-cleared
krita/data/shaders/shaders.qrc,5b3d8678cb526fe2f434e9c2e4df439817fc51ef231313daaf571d5800b142c3,787,e7e52a72ed37ecaf9ffaa2fab836b7c2f5539d1f,NOASSERTION,NOASSERTION,unchanged upstream baseline,not release-cleared
krita/data/shaders/simple_texture.frag,b0141bdb77e0d9e0772d6e6c1b8fbb630dd504dd244a134e7293ae79edc32bed,243,e7e52a72ed37ecaf9ffaa2fab836b7c2f5539d1f,NOASSERTION,NOASSERTION,unchanged upstream baseline,not release-cleared
krita/data/shaders/simple_texture_legacy.frag,6c3337fa34cf7133f61ff40b924d117e607cec1e3d82613b1ec2d0b7075b8b21,359,e7e52a72ed37ecaf9ffaa2fab836b7c2f5539d1f,NOASSERTION,NOASSERTION,unchanged upstream baseline,not release-cleared
krita/data/shaders/solid_color.frag,54ba242b814c586e9901ec0c31663a802f9c033bb7178e1930c10057387cc113,214,e7e52a72ed37ecaf9ffaa2fab836b7c2f5539d1f,NOASSERTION,NOASSERTION,unchanged upstream baseline,not release-cleared
krita/data/shaders/solid_color.vert,9bf8167402366713ad2518e49390693cdf31a15fe629e9091a7a1ff821794896,230,e7e52a72ed37ecaf9ffaa2fab836b7c2f5539d1f,NOASSERTION,NOASSERTION,unchanged upstream baseline,not release-cleared
krita/data/shaders/solid_color_legacy.frag,111f7fb487032184196ee85dbdb26845cc5c20b35ba0ef0c13b6c51b46e4fef1,176,e7e52a72ed37ecaf9ffaa2fab836b7c2f5539d1f,NOASSERTION,NOASSERTION,unchanged upstream baseline,not release-cleared
krita/data/shaders/solid_color_legacy.vert,0945dd869bf50adfe1adc3dd59ba644d308b6bb7063b605b56a10516babe56e3,243,e7e52a72ed37ecaf9ffaa2fab836b7c2f5539d1f,NOASSERTION,NOASSERTION,unchanged upstream baseline,not release-cleared
krita/data/shaders/square_gradient.frag,8b4ef88d50e0e6c45612fe4ad7276a480f04f60efed19b6e47979820c1b2f8e9,935,e7e52a72ed37ecaf9ffaa2fab836b7c2f5539d1f,NOASSERTION,NOASSERTION,unchanged upstream baseline,not release-cleared
krita/data/shortcuts/CMakeLists.txt,e2d78553349860e54413752a01f3eb716c5a05ae0efb2c057b7676cf8e061c80,243,e7e52a72ed37ecaf9ffaa2fab836b7c2f5539d1f,NOASSERTION,NOASSERTION,unchanged upstream baseline,not release-cleared
krita/data/shortcuts/clip_studio_paint_compatible.shortcuts,b0838dc3c62c19c6edf922eae308997a7df239c92304c232dfc7224d6c4c194e,2189,e7e52a72ed37ecaf9ffaa2fab836b7c2f5539d1f,NOASSERTION,NOASSERTION,unchanged upstream baseline,not release-cleared
krita/data/shortcuts/krita_default.shortcuts,26956355669ac68672e9c9b5f7a183f47b1c3b82cc2eed56daffd93557442239,7550,e7e52a72ed37ecaf9ffaa2fab836b7c2f5539d1f,NOASSERTION,NOASSERTION,unchanged upstream baseline,not release-cleared
krita/data/shortcuts/paint_tool_sai_compatible.shortcuts,0d4f1e56615b3b1775ad2c3c0429e3959ff2d184a730d0b1c8040b80778fe59a,10817,e7e52a72ed37ecaf9ffaa2fab836b7c2f5539d1f,NOASSERTION,NOASSERTION,unchanged upstream baseline,not release-cleared
krita/data/shortcuts/photoshop_compatible.shortcuts,8b85ef979991346b4d9895494ed24286cf7147726c8b74a78845403d68ed7cba,10805,e7e52a72ed37ecaf9ffaa2fab836b7c2f5539d1f,NOASSERTION,NOASSERTION,unchanged upstream baseline,not release-cleared
krita/data/shortcuts/tablet_pro.shortcuts,786cd6b253b7a2d7bdab025e8fae50276b9a41ab564e6fbe98dd1b603cca28a8,11897,e7e52a72ed37ecaf9ffaa2fab836b7c2f5539d1f,NOASSERTION,NOASSERTION,unchanged upstream baseline,not release-cleared
krita/data/splash/banner.svg,b01f45ab7d4deba8298c6b524057f0700bc1567efb5d7a11f51ceedc2d7f86cd,1884,e7e52a72ed37ecaf9ffaa2fab836b7c2f5539d1f,NOASSERTION,NOASSERTION,unchanged upstream baseline,not release-cleared
krita/data/splash/electrichearts_20250824A_kiki_4K.png,e742efcf5f7e71f8c596125372f93fb0ce6b9af448856cac7089e0259631c360,3220582,e7e52a72ed37ecaf9ffaa2fab836b7c2f5539d1f,NOASSERTION,NOASSERTION,unchanged upstream baseline,not release-cleared
krita/data/splash/electrichearts_20250824A_kiki_HD.jpg,3385a25c06108dcc5ad11310f05b99f1eee7643d3a7b111782bb0141983d034b,1269728,e7e52a72ed37ecaf9ffaa2fab836b7c2f5539d1f,NOASSERTION,NOASSERTION,unchanged upstream baseline,not release-cleared
krita/data/splash/splash-android.qrc,f3a59724a27d5ff5f668d449bb9eeeebab0118f94b1c1053215e45afd73e880e,273,e7e52a72ed37ecaf9ffaa2fab836b7c2f5539d1f,NOASSERTION,NOASSERTION,unchanged upstream baseline,not release-cleared
krita/data/splash/splash.qrc,167afb6c107f74b86efd7c9bed3ccb82670e73ad175b1a9994a53f4201c8e86d,332,e7e52a72ed37ecaf9ffaa2fab836b7c2f5539d1f,NOASSERTION,NOASSERTION,unchanged upstream baseline,not release-cleared
krita/data/splash/splash_holidays_dummy.png,e3b0c44298fc1c149afbf4c8996fb92427ae41e4649b934ca495991b7852b855,0,e7e52a72ed37ecaf9ffaa2fab836b7c2f5539d1f,NOASSERTION,NOASSERTION,unchanged upstream baseline,not release-cleared
krita/data/storyboard_templates/CMakeLists.txt,4feb1bbaaf4bd4761ce1b7585e4d00cbe9edc924683659675eec121dc4d7ab00,117,e7e52a72ed37ecaf9ffaa2fab836b7c2f5539d1f,NOASSERTION,NOASSERTION,unchanged upstream baseline,not release-cleared
krita/data/storyboard_templates/storyboard_extemp_default.svg,19ae6c2ef5d6c24cf186aa39da6b0f60b4f1b238acc532ffde96dff75fa2c1e2,483318,e7e52a72ed37ecaf9ffaa2fab836b7c2f5539d1f,NOASSERTION,NOASSERTION,unchanged upstream baseline,not release-cleared
krita/data/symbols/BalloonSymbols.svg,7bbecc617fd79cadd27318d7b6814d54bfe898580e71a31d50d6d76b3ebfd172,9821,e7e52a72ed37ecaf9ffaa2fab836b7c2f5539d1f,NOASSERTION,NOASSERTION,unchanged upstream baseline,not release-cleared
krita/data/symbols/CMakeLists.txt,962dc7b46ce24552203d148d64e19b4a17dd42e5f64207ffa3ca3ae92f6db128,154,e7e52a72ed37ecaf9ffaa2fab836b7c2f5539d1f,NOASSERTION,NOASSERTION,unchanged upstream baseline,not release-cleared
krita/data/symbols/pepper_carrot_speech_bubbles.svg,b851ce9fbeb4d60b0c7bc928e4736eee6e84ab8a688953879a61d3fb13087b81,153199,e7e52a72ed37ecaf9ffaa2fab836b7c2f5539d1f,NOASSERTION,NOASSERTION,unchanged upstream baseline,not release-cleared
krita/data/symbols/pepper_carrot_speech_bubbles_backup.svg,832a1c503a47e07c64a68386bb45f481cf47b45954645761e682a5fc00fc3850,300627,e7e52a72ed37ecaf9ffaa2fab836b7c2f5539d1f,NOASSERTION,NOASSERTION,unchanged upstream baseline,not release-cleared
krita/data/symbols/preset_icons.svg,068a4623dbd528818a7e60391cd0454e4dfe2cd3207961b9c3c795a74e21955f,345415,e7e52a72ed37ecaf9ffaa2fab836b7c2f5539d1f,NOASSERTION,NOASSERTION,unchanged upstream baseline,not release-cleared
krita/data/templates/.gitignore,1f60b3e9620d842d2dc346b0ee448fe436cf29319d4791b40b5e94ff07cbd90c,250,e7e52a72ed37ecaf9ffaa2fab836b7c2f5539d1f,NOASSERTION,NOASSERTION,unchanged upstream baseline,not release-cleared
krita/data/templates/CMakeLists.txt,c34130da2cc6eca2e63c709521f603c097adbc2790c157d3f1ce240bc84b16df,137,e7e52a72ed37ecaf9ffaa2fab836b7c2f5539d1f,NOASSERTION,NOASSERTION,unchanged upstream baseline,not release-cleared
krita/data/templates/animation/.directory,6452b3cac66b5933703cd58f2aeb51240447a8adc1011a0f4a6b1e85a18e35e0,1406,e7e52a72ed37ecaf9ffaa2fab836b7c2f5539d1f,NOASSERTION,NOASSERTION,unchanged upstream baseline,not release-cleared
krita/data/templates/animation/Anim-Jp-EN.desktop,b1040ac6b9032a18747c4dd533a83c44eee8cc241cdde4d2f14286c84a62985e,1587,e7e52a72ed37ecaf9ffaa2fab836b7c2f5539d1f,NOASSERTION,NOASSERTION,unchanged upstream baseline,not release-cleared
krita/data/templates/animation/Anim-Jp-EN.kra,fb7eb1922360b8a4f95cc573e75965d3089ad29cbd43a8e1adb43017bdff61b0,3558833,e7e52a72ed37ecaf9ffaa2fab836b7c2f5539d1f,NOASSERTION,NOASSERTION,unchanged upstream baseline,not release-cleared
krita/data/templates/animation/Anim-Jp-JP.desktop,79d0f23d9913ed0b7383bee85836d290ea801390aaee45a16c7cc4580536705f,1567,e7e52a72ed37ecaf9ffaa2fab836b7c2f5539d1f,NOASSERTION,NOASSERTION,unchanged upstream baseline,not release-cleared
krita/data/templates/animation/Anim-Jp-JP.kra,e8b0a1a3593232cef1b83c01d833831bee0428b22cdab6e08e2f5e891ce3debf,3164860,e7e52a72ed37ecaf9ffaa2fab836b7c2f5539d1f,NOASSERTION,NOASSERTION,unchanged upstream baseline,not release-cleared
krita/data/templates/animation/CMakeLists.txt,629f783d779f9743cdfe690934c99928375f77b1ebd39d12f603d1e26e61b9ec,389,e7e52a72ed37ecaf9ffaa2fab836b7c2f5539d1f,NOASSERTION,NOASSERTION,unchanged upstream baseline,not release-cleared
krita/data/templates/animation/dark_template_animation.png,d30bd85209f023a23b7f531b7bbe650ddebc6529b928cc19a5b85e0f0795589e,520,e7e52a72ed37ecaf9ffaa2fab836b7c2f5539d1f,NOASSERTION,NOASSERTION,unchanged upstream baseline,not release-cleared
krita/data/templates/animation/light_template_animation.png,2d93c4bb700a8de904f15b2e927eea1a8ddbbb0e1512d342c0d9e8c73b5f8814,520,e7e52a72ed37ecaf9ffaa2fab836b7c2f5539d1f,NOASSERTION,NOASSERTION,unchanged upstream baseline,not release-cleared
krita/data/templates/animation/template_animation.svg,5e32b397cdc526500966e6431ba072ecb1579cb9f3eb7e72f7f576f4aee98c90,12079,e7e52a72ed37ecaf9ffaa2fab836b7c2f5539d1f,NOASSERTION,NOASSERTION,unchanged upstream baseline,not release-cleared
krita/data/templates/comics/.directory,9ab89193f99442b2f53ed54ac3889e5a2f05c593294f63d9519dfc1ad59f9d32,1505,e7e52a72ed37ecaf9ffaa2fab836b7c2f5539d1f,NOASSERTION,NOASSERTION,unchanged upstream baseline,not release-cleared
krita/data/templates/comics/BD-EuroTemplate.desktop,94c577f0b5c1fb758f1eaeb6a62c37f36b13fe243afbcbe5c4b4ca0ac19e45e4,4600,e7e52a72ed37ecaf9ffaa2fab836b7c2f5539d1f,NOASSERTION,NOASSERTION,unchanged upstream baseline,not release-cleared
krita/data/templates/comics/BD-EuroTemplate.kra,f5f227714be2edda6e42443703348ea92e7402ab4cf586e9ac809eb837c625ad,867803,e7e52a72ed37ecaf9ffaa2fab836b7c2f5539d1f,NOASSERTION,NOASSERTION,unchanged upstream baseline,not release-cleared
krita/data/templates/comics/CMakeLists.txt,2db3c1bf42d42e07e19ceae0d15ddb226f25a0b0becc1c90709443fc179dd386,604,e7e52a72ed37ecaf9ffaa2fab836b7c2f5539d1f,NOASSERTION,NOASSERTION,unchanged upstream baseline,not release-cleared
krita/data/templates/comics/Comics-USTemplate.desktop,175948e4b7e110b50921034825f49ee26bfa7ca99057a0f77df294dabf353272,4788,e7e52a72ed37ecaf9ffaa2fab836b7c2f5539d1f,NOASSERTION,NOASSERTION,unchanged upstream baseline,not release-cleared
krita/data/templates/comics/Comics-USTemplate.kra,2d143f23ead017a1e3552478469b5bfa88ece42680f6eb51c7c1d7d2d203c562,129644,e7e52a72ed37ecaf9ffaa2fab836b7c2f5539d1f,NOASSERTION,NOASSERTION,unchanged upstream baseline,not release-cleared
krita/data/templates/comics/Manga-JpTemplate.desktop,3790e743d5ae260a2bc6e474188642dac60ed90558ab412e0a97c5ed47229eb4,4234,e7e52a72ed37ecaf9ffaa2fab836b7c2f5539d1f,NOASSERTION,NOASSERTION,unchanged upstream baseline,not release-cleared
krita/data/templates/comics/Manga-JpTemplate.kra,591a96e7ce154b199ee87fef4640c8f02404f7613931398735fb2e76c63e41d6,64652,e7e52a72ed37ecaf9ffaa2fab836b7c2f5539d1f,NOASSERTION,NOASSERTION,unchanged upstream baseline,not release-cleared
krita/data/templates/comics/Tsukirino.desktop,86cf45a45a10adc6b79cf41d1b83cf33aea61a9e12ac89fcdccae06aff5c4c56,3522,e7e52a72ed37ecaf9ffaa2fab836b7c2f5539d1f,NOASSERTION,NOASSERTION,unchanged upstream baseline,not release-cleared
krita/data/templates/comics/Tsukirino.kra,19d7a380e614c40144cfb549176de94326974bc41505249c2f65517cef821761,2408454,e7e52a72ed37ecaf9ffaa2fab836b7c2f5539d1f,NOASSERTION,NOASSERTION,unchanged upstream baseline,not release-cleared
krita/data/templates/comics/TsukirinoF.desktop,fafac9d669a403fd85c54b7b9d9bcd5a9fc95af7bed8b4ed255452d682a33207,3566,e7e52a72ed37ecaf9ffaa2fab836b7c2f5539d1f,NOASSERTION,NOASSERTION,unchanged upstream baseline,not release-cleared
krita/data/templates/comics/TsukirinoF.kra,c88974b4688a54d10af54d3381a229d9820de6a23f9e3d2e75da6a1a5030fdb7,3287902,e7e52a72ed37ecaf9ffaa2fab836b7c2f5539d1f,NOASSERTION,NOASSERTION,unchanged upstream baseline,not release-cleared
krita/data/templates/comics/a4_waffle_grid.desktop,3cc9a1ee4c101588845a10ca37dc1c7e5925cad42cec18909179d8413249b521,6259,e7e52a72ed37ecaf9ffaa2fab836b7c2f5539d1f,NOASSERTION,NOASSERTION,unchanged upstream baseline,not release-cleared
krita/data/templates/comics/a4_waffle_grid.kra,d24d20efc799712ba1daa23461940871d18e3a504aa4068ec4d8d6446fca8c88,1947402,e7e52a72ed37ecaf9ffaa2fab836b7c2f5539d1f,NOASSERTION,NOASSERTION,unchanged upstream baseline,not release-cleared
krita/data/templates/comics/dark_template_comics_empty.png,e753d6a9eb3159307e73a2adfcf5738cc5076c47c106739c2eae80fef6588a7f,2787,e7e52a72ed37ecaf9ffaa2fab836b7c2f5539d1f,NOASSERTION,NOASSERTION,unchanged upstream baseline,not release-cleared
krita/data/templates/comics/light_template_comics_empty.png,bb1734d21c8aee6f55d6ee2edb332ace2d66eb2615f0bf9aff05f57805832a97,2816,e7e52a72ed37ecaf9ffaa2fab836b7c2f5539d1f,NOASSERTION,NOASSERTION,unchanged upstream baseline,not release-cleared
krita/data/templates/comics/template_comics_empty.svg,26c44330ade43b8f3ccc6fa628b510e504175a3fb03e87add0e8e5e6a4ee5922,11633,e7e52a72ed37ecaf9ffaa2fab836b7c2f5539d1f,NOASSERTION,NOASSERTION,unchanged upstream baseline,not release-cleared
krita/data/templates/design/.directory,8f4bf22e328d57718f9f52a24821d4cbd0283adb0df0a463461bc98d05f93543,1448,e7e52a72ed37ecaf9ffaa2fab836b7c2f5539d1f,NOASSERTION,NOASSERTION,unchanged upstream baseline,not release-cleared
krita/data/templates/design/CMakeLists.txt,cc55dbcf4808db9208b1c530541bdb588bccf9f1e6f5bc6d86c9b635889704b6,1233,e7e52a72ed37ecaf9ffaa2fab836b7c2f5539d1f,NOASSERTION,NOASSERTION,unchanged upstream baseline,not release-cleared
krita/data/templates/design/Designcinema16_10_2484x1200_96dpiRGB_8bit_.desktop,b93e653760ec6714aa6803d716951c3e7c2bf9d1553d57a8fdd575fa4fc0a0dd,3153,e7e52a72ed37ecaf9ffaa2fab836b7c2f5539d1f,NOASSERTION,NOASSERTION,unchanged upstream baseline,not release-cleared
krita/data/templates/design/Designcinema16_10_2484x1200_96dpiRGB_8bit_.kra,c28fafb649290b10baf2c30221c5ef5f937a412cba1e2ae273bcec9306f4006e,252207,e7e52a72ed37ecaf9ffaa2fab836b7c2f5539d1f,NOASSERTION,NOASSERTION,unchanged upstream baseline,not release-cleared
krita/data/templates/design/Designcinema2.39_1_2484x1040_96dpiRGB_8bit_.desktop,0679b903b1b2e121450ed2f10aaa9bffbdc63a56200c90d09fe5d8db392c5ad9,3195,e7e52a72ed37ecaf9ffaa2fab836b7c2f5539d1f,NOASSERTION,NOASSERTION,unchanged upstream baseline,not release-cleared
krita/data/templates/design/Designcinema2.39_1_2484x1040_96dpiRGB_8bit_.kra,8026d9a65344461df532255edc8ca599c6074dc93fbe2dd4bd369c7310d58360,225461,e7e52a72ed37ecaf9ffaa2fab836b7c2f5539d1f,NOASSERTION,NOASSERTION,unchanged upstream baseline,not release-cleared
krita/data/templates/design/DesignpresentationA3Landscape_4960x3508_300dpiRGB_8bit_.desktop,efbe2fb4cffbb37405add2d39963415f369939cf393cb5d942217469726465b2,3769,e7e52a72ed37ecaf9ffaa2fab836b7c2f5539d1f,NOASSERTION,NOASSERTION,unchanged upstream baseline,not release-cleared
krita/data/templates/design/DesignpresentationA3Landscape_4960x3508_300dpiRGB_8bit_.kra,3be0d33abe4a49a527051f3bdfc63a84e72294af34b17c73dbe324185dd08a7a,1445983,e7e52a72ed37ecaf9ffaa2fab836b7c2f5539d1f,NOASSERTION,NOASSERTION,unchanged upstream baseline,not release-cleared
"krita/data/templates/design/DesignpresentationA4portrait_2480x3508,300dpiRGB_8bit_.desktop",0e9c48ebaf92b3205bd5417ea8b5f931858a5d8e160157288dec7bcc93b88cd4,3732,e7e52a72ed37ecaf9ffaa2fab836b7c2f5539d1f,NOASSERTION,NOASSERTION,unchanged upstream baseline,not release-cleared
krita/data/templates/design/DesignpresentationA4portrait_2480x3508_300dpiRGB_8bit_.desktop,0e9c48ebaf92b3205bd5417ea8b5f931858a5d8e160157288dec7bcc93b88cd4,3732,e7e52a72ed37ecaf9ffaa2fab836b7c2f5539d1f,NOASSERTION,NOASSERTION,unchanged upstream baseline,not release-cleared
krita/data/templates/design/DesignpresentationA4portrait_2480x3508_300dpiRGB_8bit_.kra,b7089faa4dc3aa633d00d14cacbf5d35282fbab4b6866ec1e66855e79ca393b4,724463,e7e52a72ed37ecaf9ffaa2fab836b7c2f5539d1f,NOASSERTION,NOASSERTION,unchanged upstream baseline,not release-cleared
krita/data/templates/design/Designscreen4_3_2250x1680_96dpiRGB_8bit_.desktop,3d8b1bdb66f4e20543634c0f40edfb229ace1ea526b6f522407bcb3333c045a9,3061,e7e52a72ed37ecaf9ffaa2fab836b7c2f5539d1f,NOASSERTION,NOASSERTION,unchanged upstream baseline,not release-cleared
krita/data/templates/design/Designscreen4_3_2250x1680_96dpiRGB_8bit_.kra,7416a1ac1f4d437fb85608d4cece75c0854115fe99f2f90df386c0bc8882c539,434313,e7e52a72ed37ecaf9ffaa2fab836b7c2f5539d1f,NOASSERTION,NOASSERTION,unchanged upstream baseline,not release-cleared
krita/data/templates/design/dark_template_DIN_A3_landscape.png,399c217ebe2e87a91eddabe5d13eb39f028a578253e37f82b9e5ac180bc2e041,2145,e7e52a72ed37ecaf9ffaa2fab836b7c2f5539d1f,NOASSERTION,NOASSERTION,unchanged upstream baseline,not release-cleared
krita/data/templates/design/dark_template_DIN_A4_portrait.png,2ac33592e7925fed1aea362fd3f3da25cc93b7bdd2238813347c672d13b284a9,1785,e7e52a72ed37ecaf9ffaa2fab836b7c2f5539d1f,NOASSERTION,NOASSERTION,unchanged upstream baseline,not release-cleared
krita/data/templates/design/dark_template_ratio_1610.png,ff962c03a80caef6bdf3def156e038e7623b085f0c58dc1818cb7465106c812d,2328,e7e52a72ed37ecaf9ffaa2fab836b7c2f5539d1f,NOASSERTION,NOASSERTION,unchanged upstream baseline,not release-cleared
krita/data/templates/design/dark_template_ratio_2391.png,0ea6bd044d0710f4454c49145165052bd51a3d738de107a50fefc99060880cf8,2651,e7e52a72ed37ecaf9ffaa2fab836b7c2f5539d1f,NOASSERTION,NOASSERTION,unchanged upstream baseline,not release-cleared
krita/data/templates/design/dark_template_ratio_43.png,de806f507ccdeb1c9f1eb14a93042f418570a767a2f8559fd5d1f0626067f46e,2120,e7e52a72ed37ecaf9ffaa2fab836b7c2f5539d1f,NOASSERTION,NOASSERTION,unchanged upstream baseline,not release-cleared
krita/data/templates/design/dark_template_web_design.png,b1b61b1c4cbdf23c99be057b65f28cdd36b88e0755b817ce8090da4a48c1f107,477,e7e52a72ed37ecaf9ffaa2fab836b7c2f5539d1f,NOASSERTION,NOASSERTION,unchanged upstream baseline,not release-cleared
krita/data/templates/design/design-icons.svg,6658bb1f47d0e2045638cb8a3021b6f127bafc05da761c1536bdef688604ab68,13798,e7e52a72ed37ecaf9ffaa2fab836b7c2f5539d1f,NOASSERTION,NOASSERTION,unchanged upstream baseline,not release-cleared
krita/data/templates/design/light_template_DIN_A3_landscape.png,b0dccb7b9d3481d8d49d9b85e1e51543ccf4f89479ce23c863afc42d7100686e,2167,e7e52a72ed37ecaf9ffaa2fab836b7c2f5539d1f,NOASSERTION,NOASSERTION,unchanged upstream baseline,not release-cleared
krita/data/templates/design/light_template_DIN_A4_portrait.png,fed0da1861dd83353398cb0343933a2df594c7f3a1de31ea3fcf6896dab472a7,1831,e7e52a72ed37ecaf9ffaa2fab836b7c2f5539d1f,NOASSERTION,NOASSERTION,unchanged upstream baseline,not release-cleared
krita/data/templates/design/light_template_ratio_1610.png,9b3873ba440ff314e67b7ac6551d19b3d0bcbe87280d8d8420fe33170cff269d,2337,e7e52a72ed37ecaf9ffaa2fab836b7c2f5539d1f,NOASSERTION,NOASSERTION,unchanged upstream baseline,not release-cleared
krita/data/templates/design/light_template_ratio_2391.png,1fe57e4ef3a6b0041d0559969042b2bd5cd953567782152db61b3cd355b3cea8,2643,e7e52a72ed37ecaf9ffaa2fab836b7c2f5539d1f,NOASSERTION,NOASSERTION,unchanged upstream baseline,not release-cleared
krita/data/templates/design/light_template_ratio_43.png,9242c88f6fb35f93754580c6464a7c450bb18c7b773a2da92ff7609c183990aa,2116,e7e52a72ed37ecaf9ffaa2fab836b7c2f5539d1f,NOASSERTION,NOASSERTION,unchanged upstream baseline,not release-cleared
krita/data/templates/design/light_template_web_design.png,41a0e5d9a6eaf221f301d076c506379645727b2ba263584e34705d895df2372a,477,e7e52a72ed37ecaf9ffaa2fab836b7c2f5539d1f,NOASSERTION,NOASSERTION,unchanged upstream baseline,not release-cleared
krita/data/templates/design/web_design.desktop,7f62d199e4e34008a2bc8253517050d660f0c45e2d7021b76a83ce9559fcb017,2712,e7e52a72ed37ecaf9ffaa2fab836b7c2f5539d1f,NOASSERTION,NOASSERTION,unchanged upstream baseline,not release-cleared
krita/data/templates/design/web_design.kra,45a7c25636d6774e7352c4f7ac32a1670bf9c0d1f57e6663d086874222ed11b8,87992,e7e52a72ed37ecaf9ffaa2fab836b7c2f5539d1f,NOASSERTION,NOASSERTION,unchanged upstream baseline,not release-cleared
krita/data/templates/dslr/.directory,7bb37a068e55d704912c93ac9b8fa6223adb6d9353b41f255e0dc8c1fa3d0c5e,1350,e7e52a72ed37ecaf9ffaa2fab836b7c2f5539d1f,NOASSERTION,NOASSERTION,unchanged upstream baseline,not release-cleared
krita/data/templates/dslr/CMakeLists.txt,15ae1cde3635366a938d7e2fda5135f1dc7122816537451e347a3fd60de19f7c,602,e7e52a72ed37ecaf9ffaa2fab836b7c2f5539d1f,NOASSERTION,NOASSERTION,unchanged upstream baseline,not release-cleared
krita/data/templates/dslr/Canon_550D_5184x3456.desktop,53c78ed9961d4a06d6b842c04c5479e5afaef2d63d024bab9acc6e973f5c3e69,1462,e7e52a72ed37ecaf9ffaa2fab836b7c2f5539d1f,NOASSERTION,NOASSERTION,unchanged upstream baseline,not release-cleared
krita/data/templates/dslr/Canon_550D_5184x3456.kra,acec25e849416c1d70f1c247c3cb5d7b8e40e4eb3faf85856f809b40cc55e58a,2814,e7e52a72ed37ecaf9ffaa2fab836b7c2f5539d1f,NOASSERTION,NOASSERTION,unchanged upstream baseline,not release-cleared
krita/data/templates/dslr/Canon_5Dmk3_5760x3840.desktop,6cd8f5788998f45f7fd4e5fb2addac81868b38ede58800a9de2d379b1297f7ad,1530,e7e52a72ed37ecaf9ffaa2fab836b7c2f5539d1f,NOASSERTION,NOASSERTION,unchanged upstream baseline,not release-cleared
krita/data/templates/dslr/Canon_5Dmk3_5760x3840.kra,6127f5883e6930b3b820c81d688d57610728b7074ce1d0b05bf596d6ae650f12,2813,e7e52a72ed37ecaf9ffaa2fab836b7c2f5539d1f,NOASSERTION,NOASSERTION,unchanged upstream baseline,not release-cleared
krita/data/templates/dslr/Nikon_D3000_3872x2592.desktop,4d338d5ecc42a8d5f5cb6e4b7a77476d52b932c3bd890e02ee50bed8ca57cc3d,1493,e7e52a72ed37ecaf9ffaa2fab836b7c2f5539d1f,NOASSERTION,NOASSERTION,unchanged upstream baseline,not release-cleared
krita/data/templates/dslr/Nikon_D3000_3872x2592.kra,7b0b3d246112531cc7cbbcaacd1c94c30dc22649104910d494bd8fadb31179a7,2812,e7e52a72ed37ecaf9ffaa2fab836b7c2f5539d1f,NOASSERTION,NOASSERTION,unchanged upstream baseline,not release-cleared
krita/data/templates/dslr/Nikon_D5000_4288x2848.desktop,37e135dac7d226ac3ee2e3456f43510b90f8ae583fe0a034eb3f022c6f1f5ea2,1496,e7e52a72ed37ecaf9ffaa2fab836b7c2f5539d1f,NOASSERTION,NOASSERTION,unchanged upstream baseline,not release-cleared
krita/data/templates/dslr/Nikon_D5000_4288x2848.kra,d69ad810af9c6e0372294e796c45d027275c11c2017b54e444fe26b54214a10d,2817,e7e52a72ed37ecaf9ffaa2fab836b7c2f5539d1f,NOASSERTION,NOASSERTION,unchanged upstream baseline,not release-cleared
krita/data/templates/dslr/Nikon_D7000_4928x3264.desktop,29714e5c07e48aa1c4610705ba198762450327d068c060fc1d744528c8b7e773,1496,e7e52a72ed37ecaf9ffaa2fab836b7c2f5539d1f,NOASSERTION,NOASSERTION,unchanged upstream baseline,not release-cleared
krita/data/templates/dslr/Nikon_D7000_4928x3264.kra,182f0ce7fc11da0f3fd0ad49b07e9c4643738d21841bf526a261f8424e9770bd,2814,e7e52a72ed37ecaf9ffaa2fab836b7c2f5539d1f,NOASSERTION,NOASSERTION,unchanged upstream baseline,not release-cleared
krita/data/templates/dslr/dark_template_dslr.png,779c4e1e0394b95f33c6d6e3a56934ade426ec33e531d5a79a1f263595206502,3079,e7e52a72ed37ecaf9ffaa2fab836b7c2f5539d1f,NOASSERTION,NOASSERTION,unchanged upstream baseline,not release-cleared
krita/data/templates/dslr/light_template_dslr.png,2ace996e4e159b87678ec17786919e4ac57e43494b6eab7afcffcb7eafdf514a,3022,e7e52a72ed37ecaf9ffaa2fab836b7c2f5539d1f,NOASSERTION,NOASSERTION,unchanged upstream baseline,not release-cleared
krita/data/templates/dslr/photo-camera.svg,d618af78c5c1abddc365a74cc10d69d91d6fb6bcd6efb20ad1ac38d24828f76c,5126,e7e52a72ed37ecaf9ffaa2fab836b7c2f5539d1f,NOASSERTION,NOASSERTION,unchanged upstream baseline,not release-cleared
krita/data/templates/texture/.directory,502600dedf1a4bc2803f317aa081a330b9e9d86c0832c33ecc97b1566da1073c,1413,e7e52a72ed37ecaf9ffaa2fab836b7c2f5539d1f,NOASSERTION,NOASSERTION,unchanged upstream baseline,not release-cleared
krita/data/templates/texture/CMakeLists.txt,8ceb968bcd01e5194b789de9f7d2352897d25f87a9849db471418cd543494ff8,1007,e7e52a72ed37ecaf9ffaa2fab836b7c2f5539d1f,NOASSERTION,NOASSERTION,unchanged upstream baseline,not release-cleared
krita/data/templates/texture/Texture1024x10248bitsrgb.desktop,4a19341233f2d501150addcd24dc89eebcb50165ccf0ce8939319e5ed2c57c6b,1918,e7e52a72ed37ecaf9ffaa2fab836b7c2f5539d1f,NOASSERTION,NOASSERTION,unchanged upstream baseline,not release-cleared
krita/data/templates/texture/Texture1024x10248bitsrgb.kra,e21077f39ac42476fa1ff58841a0a9fe3551eea7bfdf8cf4c3bbd5d8e0202288,4035,e7e52a72ed37ecaf9ffaa2fab836b7c2f5539d1f,NOASSERTION,NOASSERTION,unchanged upstream baseline,not release-cleared
krita/data/templates/texture/Texture1k32bitscalar.desktop,db0e61d54c8edc02c1c7b3cb42ccf2f7c6bd3d7bd2abf7d0d7f15e4e09ded37a,1878,e7e52a72ed37ecaf9ffaa2fab836b7c2f5539d1f,NOASSERTION,NOASSERTION,unchanged upstream baseline,not release-cleared
krita/data/templates/texture/Texture1k32bitscalar.kra,d659da34d0b8e03f036c0d1e9ebda1640d89cc53d42dfb6647f4c3004b8e6176,2539,e7e52a72ed37ecaf9ffaa2fab836b7c2f5539d1f,NOASSERTION,NOASSERTION,unchanged upstream baseline,not release-cleared
krita/data/templates/texture/Texture1k8bitsrgb.desktop,0601f4e86abe3ed6083af2017765442b01d3bc72f4fb9acfb17ede1bd32ba93b,1652,e7e52a72ed37ecaf9ffaa2fab836b7c2f5539d1f,NOASSERTION,NOASSERTION,unchanged upstream baseline,not release-cleared
krita/data/templates/texture/Texture1k8bitsrgb.kra,fdd52030eb86d277b4bd81ec13ba9c8bd690f22eeba7990bfe426302cf44fdfb,2849,e7e52a72ed37ecaf9ffaa2fab836b7c2f5539d1f,NOASSERTION,NOASSERTION,unchanged upstream baseline,not release-cleared
krita/data/templates/texture/Texture2048x20488bitsrgb.desktop,ce04a79e976f026121b19ea65d5f84aaf6b3a9211e1a4e5b012a901e83ea67a1,1926,e7e52a72ed37ecaf9ffaa2fab836b7c2f5539d1f,NOASSERTION,NOASSERTION,unchanged upstream baseline,not release-cleared
krita/data/templates/texture/Texture2048x20488bitsrgb.kra,b20039ab2846c9d966d801554e86e9b881fc0507b7d55de47a332fa0dc1f0db5,4220,e7e52a72ed37ecaf9ffaa2fab836b7c2f5539d1f,NOASSERTION,NOASSERTION,unchanged upstream baseline,not release-cleared
krita/data/templates/texture/Texture256x2568bitsrgb.desktop,99c04a0172ceb796f96854d326fe9b17123652bbb69c24299cb3239f8403a937,1834,e7e52a72ed37ecaf9ffaa2fab836b7c2f5539d1f,NOASSERTION,NOASSERTION,unchanged upstream baseline,not release-cleared
krita/data/templates/texture/Texture256x2568bitsrgb.kra,1995dde244fa022a14f13d3967e7c2abbe9c1097fc4433d14211d92f171c77c8,3949,e7e52a72ed37ecaf9ffaa2fab836b7c2f5539d1f,NOASSERTION,NOASSERTION,unchanged upstream baseline,not release-cleared
krita/data/templates/texture/Texture2k32bitscalar.desktop,bb7aa12ca0ea24575fe1d61ab50b08bfb51e818e4b8823a7797d4d6f5129b4e4,1881,e7e52a72ed37ecaf9ffaa2fab836b7c2f5539d1f,NOASSERTION,NOASSERTION,unchanged upstream baseline,not release-cleared
krita/data/templates/texture/Texture2k32bitscalar.kra,eead9a1d8d167e06bab7ef87850516b97882c46acae95f4d645344cb82bcc447,2537,e7e52a72ed37ecaf9ffaa2fab836b7c2f5539d1f,NOASSERTION,NOASSERTION,unchanged upstream baseline,not release-cleared
krita/data/templates/texture/Texture2k8bitsrgb.desktop,ad6d6187c534d7c2fa97397e83ceadcec625ac3be16a2e9af1833811d15a5654,1653,e7e52a72ed37ecaf9ffaa2fab836b7c2f5539d1f,NOASSERTION,NOASSERTION,unchanged upstream baseline,not release-cleared
krita/data/templates/texture/Texture2k8bitsrgb.kra,888f738f04a9ffeeec55250cb6dd4872c573765159562c170da24a3af4ab24e5,2853,e7e52a72ed37ecaf9ffaa2fab836b7c2f5539d1f,NOASSERTION,NOASSERTION,unchanged upstream baseline,not release-cleared
krita/data/templates/texture/Texture4096x40968bitsrgb.desktop,3cdbe1400ef528d56190664f266ccec41da10c81bfb0a51db8763f74849df183,1926,e7e52a72ed37ecaf9ffaa2fab836b7c2f5539d1f,NOASSERTION,NOASSERTION,unchanged upstream baseline,not release-cleared
krita/data/templates/texture/Texture4096x40968bitsrgb.kra,e55d49793031a1a9a6142dbf8414b53d8f6405bfd1be7b1004af10d1235e0393,4793,e7e52a72ed37ecaf9ffaa2fab836b7c2f5539d1f,NOASSERTION,NOASSERTION,unchanged upstream baseline,not release-cleared
krita/data/templates/texture/Texture4k32bitscalar.desktop,31e6377f4bc6cffb48864886de87a81d531929afea1c1405a1caf8d81012168f,1876,e7e52a72ed37ecaf9ffaa2fab836b7c2f5539d1f,NOASSERTION,NOASSERTION,unchanged upstream baseline,not release-cleared
krita/data/templates/texture/Texture4k32bitscalar.kra,fc1bfbc5074a6a75b3ccc3dec3341de55745990c5760796c820975b462919028,2539,e7e52a72ed37ecaf9ffaa2fab836b7c2f5539d1f,NOASSERTION,NOASSERTION,unchanged upstream baseline,not release-cleared
krita/data/templates/texture/Texture4k8bitsrgb.desktop,9f17dca1b578beac30584babf17b8ae94b605f03b263596839093fb4730e7dae,1659,e7e52a72ed37ecaf9ffaa2fab836b7c2f5539d1f,NOASSERTION,NOASSERTION,unchanged upstream baseline,not release-cleared
krita/data/templates/texture/Texture4k8bitsrgb.kra,7131e792fb5c0c98947945919f76dfb015ebe6d1e64de2094d2debba0a656fa5,2855,e7e52a72ed37ecaf9ffaa2fab836b7c2f5539d1f,NOASSERTION,NOASSERTION,unchanged upstream baseline,not release-cleared
krita/data/templates/texture/Texture512x5128bitsrgb.desktop,ab2b3164ec4698d5c8ad74f91b6338a3bed09a3c811b4ff00446fd450424030c,1842,e7e52a72ed37ecaf9ffaa2fab836b7c2f5539d1f,NOASSERTION,NOASSERTION,unchanged upstream baseline,not release-cleared
krita/data/templates/texture/Texture512x5128bitsrgb.kra,bdff944405f12d9cbd733b138cf4f55095902b8e522be113c858e28b375a5e9c,3998,e7e52a72ed37ecaf9ffaa2fab836b7c2f5539d1f,NOASSERTION,NOASSERTION,unchanged upstream baseline,not release-cleared
krita/data/templates/texture/Texture8k32bitscalar.desktop,7516809605cbde5e5c01f18c7e8fa47c848d91ebec4ddec8d2d61f4fd334a410,1877,e7e52a72ed37ecaf9ffaa2fab836b7c2f5539d1f,NOASSERTION,NOASSERTION,unchanged upstream baseline,not release-cleared
krita/data/templates/texture/Texture8k32bitscalar.kra,2ee1f59d3e7dac705fe961f8fb18816cccdede0076726fc18f5cdbf99b2da2b5,2537,e7e52a72ed37ecaf9ffaa2fab836b7c2f5539d1f,NOASSERTION,NOASSERTION,unchanged upstream baseline,not release-cleared
krita/data/templates/texture/Texture8k8bitsrgb.desktop,bea0de17f958105e7c8f93cd04b25ee93bf03721e4dbb10efa73ba91734eb3b7,1653,e7e52a72ed37ecaf9ffaa2fab836b7c2f5539d1f,NOASSERTION,NOASSERTION,unchanged upstream baseline,not release-cleared
krita/data/templates/texture/Texture8k8bitsrgb.kra,33bc51c5dcb34880cda14b25cf72383727d70f973d9bcbd324a30ddc234384e2,2853,e7e52a72ed37ecaf9ffaa2fab836b7c2f5539d1f,NOASSERTION,NOASSERTION,unchanged upstream baseline,not release-cleared
krita/data/templates/texture/dark_template_texture.png,76f60c25e10fab5624f86a204077bda1a7bed387e75015a4a521c5d0111fbb8c,1173,e7e52a72ed37ecaf9ffaa2fab836b7c2f5539d1f,NOASSERTION,NOASSERTION,unchanged upstream baseline,not release-cleared
krita/data/templates/texture/light_template_texture.png,0ff1438662757992d9c0628b917078979c59eb34dbb7bb3e1032dafef207b3e8,1173,e7e52a72ed37ecaf9ffaa2fab836b7c2f5539d1f,NOASSERTION,NOASSERTION,unchanged upstream baseline,not release-cleared
krita/data/templates/texture/texture-icon.svg,4907c3e5e6848119a59ae41d93b1fc8207484cc326147e86c7a7c932d8a78bfe,7877,e7e52a72ed37ecaf9ffaa2fab836b7c2f5539d1f,NOASSERTION,NOASSERTION,unchanged upstream baseline,not release-cleared
krita/data/themes/BreezeDark.colors,e11d59941104c12aca38616a367b144259afff922e6555e5a96ee2ceaf13abb5,2735,e7e52a72ed37ecaf9ffaa2fab836b7c2f5539d1f,NOASSERTION,NOASSERTION,unchanged upstream baseline,not release-cleared
krita/data/themes/BreezeHighContrast.colors,ae50c27f8762dd82e3489c522e4ccca9a6d325e7aed2d9a1489662372510d26a,2751,e7e52a72ed37ecaf9ffaa2fab836b7c2f5539d1f,NOASSERTION,NOASSERTION,unchanged upstream baseline,not release-cleared
krita/data/themes/BreezeLight.colors,665e428857ced47867bc3592ecda0fa83125f7b305a7ff49c2cc7e6bb0327671,2730,e7e52a72ed37ecaf9ffaa2fab836b7c2f5539d1f,NOASSERTION,NOASSERTION,unchanged upstream baseline,not release-cleared
krita/data/themes/CMakeLists.txt,3a090d8b3ba408dd77e8506eacdefd66bc241b2fdebd15696a5a461861cf4574,454,e7e52a72ed37ecaf9ffaa2fab836b7c2f5539d1f,NOASSERTION,NOASSERTION,unchanged upstream baseline,not release-cleared
krita/data/themes/KritaBlender.colors,5abecd50236804fc121f6aecbf17be5fa88909090b0b7713bb28ab2932761a82,2811,e7e52a72ed37ecaf9ffaa2fab836b7c2f5539d1f,NOASSERTION,NOASSERTION,unchanged upstream baseline,not release-cleared
krita/data/themes/KritaBright.colors,296023e15e8f00c3a3fa3a5192702c218165b7a0f8dc2bd1fc3142d119790f99,2770,e7e52a72ed37ecaf9ffaa2fab836b7c2f5539d1f,NOASSERTION,NOASSERTION,unchanged upstream baseline,not release-cleared
krita/data/themes/KritaDark.colors,486b4a51b9a9065f9151ec6cff14189262a02c6cbe2751e400eb78715e97a2b7,2760,e7e52a72ed37ecaf9ffaa2fab836b7c2f5539d1f,NOASSERTION,NOASSERTION,unchanged upstream baseline,not release-cleared
krita/data/themes/KritaDarkOrange.colors,48dbe48aaae086905255257b526742e50fb9744d0d066414763ba984ec4a4811,2722,e7e52a72ed37ecaf9ffaa2fab836b7c2f5539d1f,NOASSERTION,NOASSERTION,unchanged upstream baseline,not release-cleared
krita/data/themes/KritaDarker.colors,84d6807703d06b40dd696b24f30e86a0214bca7e44dae30cc52bf1e71a487fda,2772,e7e52a72ed37ecaf9ffaa2fab836b7c2f5539d1f,NOASSERTION,NOASSERTION,unchanged upstream baseline,not release-cleared
krita/data/themes/KritaNeutral.colors,3960b89ced692201e7eeff2065187f89b0943bda4d732f52d6c0c6677d52fef4,2708,e7e52a72ed37ecaf9ffaa2fab836b7c2f5539d1f,NOASSERTION,NOASSERTION,unchanged upstream baseline,not release-cleared
krita/data/windowlayouts/CMakeLists.txt,4b54b4e62823dd4878d4617088f9db1d33c2cb52125897fa2369170b052e2063,177,e7e52a72ed37ecaf9ffaa2fab836b7c2f5539d1f,NOASSERTION,NOASSERTION,unchanged upstream baseline,not release-cleared
krita/data/windowlayouts/Cockpit (laptop mode).kwl,380e909c1ec7aa918b01870f0b8a212b0ce7a252ac38ad8e419106e7341f2b7a,8406,e7e52a72ed37ecaf9ffaa2fab836b7c2f5539d1f,NOASSERTION,NOASSERTION,unchanged upstream baseline,not release-cleared
krita/data/windowlayouts/Dual screen editing.kwl,adef50f7b9befe9845de4d587491eb378a97a345b93c88757ea8f82e1d9a0c70,16308,e7e52a72ed37ecaf9ffaa2fab836b7c2f5539d1f,NOASSERTION,NOASSERTION,unchanged upstream baseline,not release-cleared
krita/data/workspaces/Animation.kws,2c9479145cb6e5ff1ee3d638f89ab17828d88744b46c0b99df2e02e9bccf179e,10463,e7e52a72ed37ecaf9ffaa2fab836b7c2f5539d1f,NOASSERTION,NOASSERTION,unchanged upstream baseline,not release-cleared
krita/data/workspaces/Big_Paint.kws,e6438682517046810c57545001fc6f3d332fa3075660eb0600570b0ce0735480,10367,e7e52a72ed37ecaf9ffaa2fab836b7c2f5539d1f,NOASSERTION,NOASSERTION,unchanged upstream baseline,not release-cleared
krita/data/workspaces/Big_Paint_2.kws,decb298341f0c3ae801495699d98fdae3f8a3f79074b5ef93f19074499c36ddb,10337,e7e52a72ed37ecaf9ffaa2fab836b7c2f5539d1f,NOASSERTION,NOASSERTION,unchanged upstream baseline,not release-cleared
krita/data/workspaces/Big_Vector.kws,bb4459c638df99a32243ef67d889620c7e539af629fcb29486f742b6109919e8,10356,e7e52a72ed37ecaf9ffaa2fab836b7c2f5539d1f,NOASSERTION,NOASSERTION,unchanged upstream baseline,not release-cleared
krita/data/workspaces/CMakeLists.txt,3df89e592d232e836f12f0d2d3a61626f0b5ef665eb489a0cd5812ba61509548,244,e7e52a72ed37ecaf9ffaa2fab836b7c2f5539d1f,NOASSERTION,NOASSERTION,unchanged upstream baseline,not release-cleared
krita/data/workspaces/Default.kws,fdeab56bf467b5e01dc65b1b8e28390ff5613750be388d9ba3a8ec51bcd09598,10361,e7e52a72ed37ecaf9ffaa2fab836b7c2f5539d1f,NOASSERTION,NOASSERTION,unchanged upstream baseline,not release-cleared
krita/data/workspaces/Minimal.kws,a2eeacf708b0f8cf828dee1b13bd02d5d598ad73bd0674594c05c6b7fc3ce7c3,10585,e7e52a72ed37ecaf9ffaa2fab836b7c2f5539d1f,NOASSERTION,NOASSERTION,unchanged upstream baseline,not release-cleared
krita/data/workspaces/Small_Vector.kws,69d65bf03d1e93c23d0712f5d999345d8762f77548bf1fef8e5a925617a03df3,10262,e7e52a72ed37ecaf9ffaa2fab836b7c2f5539d1f,NOASSERTION,NOASSERTION,unchanged upstream baseline,not release-cleared
krita/data/workspaces/Storyboarding.kws,bc6aeb6aa2d847c140e8b037d0fa9d6454e3f3dd3af037469a437da0401f13aa,10463,e7e52a72ed37ecaf9ffaa2fab836b7c2f5539d1f,NOASSERTION,NOASSERTION,unchanged upstream baseline,not release-cleared
krita/data/workspaces/VFX_Paint.kws,903e3e50408cb1b2b9eabfd3d5ca1f757481d6b7b5cd249e9b06cde27bdf1076,10407,e7e52a72ed37ecaf9ffaa2fab836b7c2f5539d1f,NOASSERTION,NOASSERTION,unchanged upstream baseline,not release-cleared
